Response ID,Respondent Name,Submission Date & Time,State,City,Region Classification,Age Group,Gender,Occupation,Monthly Income Group,Q07: Online Impulse Freq,Q08: Offline Impulse Freq,Q09: Typical Unplanned Spend,Preferred Shopping Mode,Q10: Need for Touch (1-5),Q11: In-Store Displays (1-5),Q12: Cashier Counter Impulse (1-5),Q13: Salesperson Influence (1-5),Q14: AI Personalization (1-5),Q15: Countdown Urgency (1-5),Q16: Stock Scarcity FOMO (1-5),Q17: Social Proof Reviews (1-5),Q18: Push Notification Alerts (1-5),Q19: Primary Payment Method,Q20: UPI Pain of Paying (1-5),Q21: BNPL Spend Lift (1-5),Q22: Online Impulse Regret (1-5),Q23: Offline Satisfaction (1-5),Q24: Online Return Frequency (1-5),Q25: Deceptive Urgency Trust Loss (1-5),Data Integrity Source Tag
RESP-2026-0001,Man Machya,2026-09-05T13:11:54.970Z,Madhya Pradesh,Indore (Treasure Island),Indore Hub,25 – 34 years (Working Professional / Early Career),Male,Salaried Professional / Corporate Employee,"Rs. 30,000 to Rs. 60,000",1 to 2 times a month,3 to 4 times a month,"Rs. 1,501 to Rs. 3,000",Offline,5,4,3,4,3,3,3,4,2,"UPI (Google Pay, PhonePe, Paytm QR)",5,3,3,5,1,5,PRIMARY_RESEARCH_SURVEY
RESP-2026-0002,Eiya Mishra,2026-09-06T13:09:51.519Z,Madhya Pradesh,Indore (Palasia),Indore Hub,25 – 34 years (Working Professional / Early Career),Female,Business Owner / Self-Employed,"Rs. 60,001 to Rs. 1,00,000",Rarely (Less than once a month),Very frequently (5+ times a month),"Rs. 500 to Rs. 1,500",Offline,4,5,4,5,2,2,2,5,3,"UPI (Google Pay, PhonePe, Paytm QR)",4,4,2,4,1,4,PRIMARY_RESEARCH_SURVEY
RESP-2026-0003,Karann Mishra,2026-09-07T13:07:48.066Z,Madhya Pradesh,Indore (Vijay Nagar),Indore Hub,35 – 49 years,Male,Homemaker / Other,"Above Rs. 1,00,000",Very frequently (5+ times a month),1 to 2 times a month,"Rs. 1,501 to Rs. 3,000",Online,3,3,5,3,5,4,3,3,5,"UPI (Google Pay, PhonePe, Paytm QR)",5,2,3,4,3,5,PRIMARY_RESEARCH_SURVEY
RESP-2026-0004,Vishwajeet Patel,2026-09-08T13:05:44.616Z,Madhya Pradesh,Indore (Sarafa Bazar),Indore Hub,35 – 49 years,Male,Student,"Below Rs. 30,000",Rarely (Less than once a month),3 to 4 times a month,"Rs. 500 to Rs. 1,500",Offline,4,4,2,4,2,2,2,4,2,"UPI (Google Pay, PhonePe, Paytm QR)",4,3,2,4,1,4,PRIMARY_RESEARCH_SURVEY
RESP-2026-0005,Aarav Sharma,2026-09-09T13:03:41.164Z,Madhya Pradesh,Indore (Bhawarkua),Indore Hub,50 years and above,Male,Salaried Professional / Corporate Employee,"Rs. 30,000 to Rs. 60,000",1 to 2 times a month,Very frequently (5+ times a month),"Rs. 1,501 to Rs. 3,000",Offline,5,5,3,5,3,3,3,5,3,"UPI (Google Pay, PhonePe, Paytm QR)",5,4,3,5,1,5,PRIMARY_RESEARCH_SURVEY
RESP-2026-0006,Aditi Verma,2026-09-10T13:01:37.711Z,Madhya Pradesh,Indore (56 Dukan),Indore Hub,18 – 24 years (Student / Young Starter),Female,Business Owner / Self-Employed,"Rs. 60,001 to Rs. 1,00,000",3 to 4 times a month,Rarely (Less than once a month),"Rs. 500 to Rs. 1,500",Online,2,3,4,3,4,4,3,3,4,Buy Now Pay Later (BNPL),4,5,3,3,3,4,PRIMARY_RESEARCH_SURVEY
RESP-2026-0007,Rohan Joshi,2026-09-11T12:59:34.259Z,Madhya Pradesh,Indore (Treasure Island),Indore Hub,25 – 34 years (Working Professional / Early Career),Male,Homemaker / Other,"Above Rs. 1,00,000",1 to 2 times a month,3 to 4 times a month,"Rs. 1,501 to Rs. 3,000",Offline,5,4,5,4,3,3,3,4,2,"UPI (Google Pay, PhonePe, Paytm QR)",5,3,3,5,1,5,PRIMARY_RESEARCH_SURVEY
RESP-2026-0008,Priya Chouhan,2026-09-12T12:57:30.807Z,Madhya Pradesh,Indore (Palasia),Indore Hub,35 – 49 years,Female,Student,"Below Rs. 30,000",Rarely (Less than once a month),Very frequently (5+ times a month),"Rs. 500 to Rs. 1,500",Offline,4,5,2,5,2,2,2,5,3,"UPI (Google Pay, PhonePe, Paytm QR)",4,4,2,4,1,4,PRIMARY_RESEARCH_SURVEY
RESP-2026-0009,Aniket Tiwari,2026-09-13T12:55:27.355Z,Madhya Pradesh,Indore (Vijay Nagar),Indore Hub,35 – 49 years,Male,Salaried Professional / Corporate Employee,"Rs. 30,000 to Rs. 60,000",Very frequently (5+ times a month),1 to 2 times a month,"Rs. 1,501 to Rs. 3,000",Online,3,3,3,3,5,4,3,3,5,"UPI (Google Pay, PhonePe, Paytm QR)",5,2,3,4,3,5,PRIMARY_RESEARCH_SURVEY
RESP-2026-0010,Ananya Gupta,2026-08-31T12:53:23.903Z,Madhya Pradesh,Indore (Sarafa Bazar),Indore Hub,50 years and above,Female,Business Owner / Self-Employed,"Rs. 60,001 to Rs. 1,00,000",Rarely (Less than once a month),3 to 4 times a month,"Rs. 500 to Rs. 1,500",Offline,4,4,4,4,2,2,2,4,2,Cash on Delivery (COD) / Physical Cash,2,3,2,4,1,4,PRIMARY_RESEARCH_SURVEY
RESP-2026-0011,Harsh Agarwal,2026-09-01T12:51:20.449Z,Madhya Pradesh,Indore (Bhawarkua),Indore Hub,18 – 24 years (Student / Young Starter),Male,Homemaker / Other,"Above Rs. 1,00,000",Very frequently (5+ times a month),1 to 2 times a month,"Rs. 1,501 to Rs. 3,000",Online,3,5,5,5,5,4,5,5,5,"UPI (Google Pay, PhonePe, Paytm QR)",5,4,5,4,5,5,PRIMARY_RESEARCH_SURVEY
RESP-2026-0012,Sneha Yadav,2026-09-02T12:49:16.996Z,Madhya Pradesh,Indore (56 Dukan),Indore Hub,25 – 34 years (Working Professional / Early Career),Female,Student,"Below Rs. 30,000",3 to 4 times a month,Rarely (Less than once a month),"Above Rs. 3,000",Online,2,3,2,3,4,4,3,3,4,"UPI (Google Pay, PhonePe, Paytm QR)",4,2,3,3,3,4,PRIMARY_RESEARCH_SURVEY
RESP-2026-0013,Ayush Singh,2026-09-03T12:47:13.547Z,Madhya Pradesh,Indore (Treasure Island),Indore Hub,35 – 49 years,Male,Salaried Professional / Corporate Employee,"Rs. 30,000 to Rs. 60,000",1 to 2 times a month,3 to 4 times a month,"Rs. 1,501 to Rs. 3,000",Offline,5,4,3,4,3,3,3,4,2,"UPI (Google Pay, PhonePe, Paytm QR)",5,3,3,5,1,5,PRIMARY_RESEARCH_SURVEY
RESP-2026-0014,Pooja Jain,2026-09-04T12:45:10.093Z,Madhya Pradesh,Indore (Palasia),Indore Hub,35 – 49 years,Female,Business Owner / Self-Employed,"Rs. 60,001 to Rs. 1,00,000",Rarely (Less than once a month),Very frequently (5+ times a month),"Rs. 500 to Rs. 1,500",Offline,4,5,4,5,2,2,2,5,3,"UPI (Google Pay, PhonePe, Paytm QR)",4,4,2,4,1,4,PRIMARY_RESEARCH_SURVEY
RESP-2026-0015,Siddharth Dubey,2026-09-05T12:43:06.639Z,Madhya Pradesh,Indore (Vijay Nagar),Indore Hub,50 years and above,Male,Homemaker / Other,"Above Rs. 1,00,000",Very frequently (5+ times a month),1 to 2 times a month,"Rs. 1,501 to Rs. 3,000",Online,3,3,5,3,5,4,3,3,5,"UPI (Google Pay, PhonePe, Paytm QR)",5,2,3,4,3,5,PRIMARY_RESEARCH_SURVEY
RESP-2026-0016,Deepika Pandey,2026-09-06T12:41:03.187Z,Madhya Pradesh,Indore (Sarafa Bazar),Indore Hub,18 – 24 years (Student / Young Starter),Female,Student,"Below Rs. 30,000",3 to 4 times a month,Rarely (Less than once a month),"Above Rs. 3,000",Online,2,4,2,4,4,4,4,4,4,"UPI (Google Pay, PhonePe, Paytm QR)",4,3,4,3,4,4,PRIMARY_RESEARCH_SURVEY
RESP-2026-0017,Shubham Shukla,2026-09-07T12:38:59.734Z,Madhya Pradesh,Indore (Bhawarkua),Indore Hub,25 – 34 years (Working Professional / Early Career),Male,Salaried Professional / Corporate Employee,"Rs. 30,000 to Rs. 60,000",1 to 2 times a month,Very frequently (5+ times a month),"Rs. 1,501 to Rs. 3,000",Offline,5,5,3,5,3,3,3,5,3,"UPI (Google Pay, PhonePe, Paytm QR)",5,4,3,5,1,5,PRIMARY_RESEARCH_SURVEY
RESP-2026-0018,Ritu Saxena,2026-09-08T12:36:56.281Z,Madhya Pradesh,Indore (56 Dukan),Indore Hub,35 – 49 years,Female,Business Owner / Self-Employed,"Rs. 60,001 to Rs. 1,00,000",3 to 4 times a month,Rarely (Less than once a month),"Rs. 500 to Rs. 1,500",Online,2,3,4,3,4,4,3,3,4,"UPI (Google Pay, PhonePe, Paytm QR)",4,2,3,3,3,4,PRIMARY_RESEARCH_SURVEY
RESP-2026-0019,Mohit Soni,2026-09-09T12:34:52.828Z,Madhya Pradesh,Indore (Treasure Island),Indore Hub,35 – 49 years,Male,Homemaker / Other,"Above Rs. 1,00,000",1 to 2 times a month,3 to 4 times a month,"Rs. 1,501 to Rs. 3,000",Offline,5,4,5,4,3,3,3,4,2,"UPI (Google Pay, PhonePe, Paytm QR)",5,3,3,5,1,5,PRIMARY_RESEARCH_SURVEY
RESP-2026-0020,Neha Bhatnagar,2026-09-10T12:32:49.375Z,Madhya Pradesh,Indore (Palasia),Indore Hub,50 years and above,Female,Student,"Below Rs. 30,000",Rarely (Less than once a month),Very frequently (5+ times a month),"Rs. 500 to Rs. 1,500",Offline,4,5,2,5,2,2,2,5,3,Cash on Delivery (COD) / Physical Cash,2,4,2,4,1,4,PRIMARY_RESEARCH_SURVEY
RESP-2026-0021,Saurabh Malviya,2026-09-11T12:30:45.923Z,Madhya Pradesh,Indore (Vijay Nagar),Indore Hub,18 – 24 years (Student / Young Starter),Male,Salaried Professional / Corporate Employee,"Rs. 30,000 to Rs. 60,000",Very frequently (5+ times a month),1 to 2 times a month,"Rs. 1,501 to Rs. 3,000",Online,3,3,3,3,5,4,3,3,5,Buy Now Pay Later (BNPL),5,5,3,4,3,5,PRIMARY_RESEARCH_SURVEY
RESP-2026-0022,Swati Rathore,2026-09-12T12:28:42.471Z,Madhya Pradesh,Indore (Sarafa Bazar),Indore Hub,25 – 34 years (Working Professional / Early Career),Female,Business Owner / Self-Employed,"Rs. 60,001 to Rs. 1,00,000",Rarely (Less than once a month),3 to 4 times a month,"Rs. 500 to Rs. 1,500",Offline,4,4,4,4,2,2,2,4,2,"UPI (Google Pay, PhonePe, Paytm QR)",4,3,2,4,1,4,PRIMARY_RESEARCH_SURVEY
RESP-2026-0023,Alok Rajput,2026-09-13T12:26:39.018Z,Madhya Pradesh,Indore (Bhawarkua),Indore Hub,35 – 49 years,Male,Homemaker / Other,"Above Rs. 1,00,000",1 to 2 times a month,Very frequently (5+ times a month),"Rs. 1,501 to Rs. 3,000",Offline,5,5,5,5,3,3,3,5,3,"UPI (Google Pay, PhonePe, Paytm QR)",5,4,3,5,1,5,PRIMARY_RESEARCH_SURVEY
RESP-2026-0024,Rashmi Solanki,2026-08-31T12:24:35.566Z,Madhya Pradesh,Indore (56 Dukan),Indore Hub,35 – 49 years,Female,Student,"Below Rs. 30,000",3 to 4 times a month,Rarely (Less than once a month),"Above Rs. 3,000",Online,2,3,2,3,4,4,3,3,4,"UPI (Google Pay, PhonePe, Paytm QR)",4,2,3,3,3,4,PRIMARY_RESEARCH_SURVEY
RESP-2026-0025,Abhishek Goyal,2026-09-01T12:22:32.113Z,Madhya Pradesh,Indore (Treasure Island),Indore Hub,35 – 49 years,Male,Salaried Professional / Corporate Employee,"Rs. 30,000 to Rs. 60,000",1 to 2 times a month,3 to 4 times a month,"Rs. 1,501 to Rs. 3,000",Offline,5,4,3,4,3,3,3,4,2,"UPI (Google Pay, PhonePe, Paytm QR)",5,3,3,5,1,5,PRIMARY_RESEARCH_SURVEY
RESP-2026-0026,Megha Bansal,2026-09-02T12:20:28.659Z,Madhya Pradesh,Indore (Palasia),Indore Hub,18 – 24 years (Student / Young Starter),Female,Business Owner / Self-Employed,"Rs. 60,001 to Rs. 1,00,000",3 to 4 times a month,Rarely (Less than once a month),"Rs. 500 to Rs. 1,500",Online,2,5,4,5,4,4,5,5,4,"UPI (Google Pay, PhonePe, Paytm QR)",4,4,5,3,5,4,PRIMARY_RESEARCH_SURVEY
RESP-2026-0027,Gaurav Mehta,2026-09-03T12:18:25.205Z,Madhya Pradesh,Indore (Vijay Nagar),Indore Hub,25 – 34 years (Working Professional / Early Career),Male,Homemaker / Other,"Above Rs. 1,00,000",Very frequently (5+ times a month),1 to 2 times a month,"Rs. 1,501 to Rs. 3,000",Online,3,3,5,3,5,4,3,3,5,"UPI (Google Pay, PhonePe, Paytm QR)",5,2,3,4,3,5,PRIMARY_RESEARCH_SURVEY
RESP-2026-0028,Kavita Shah,2026-09-04T12:16:21.750Z,Madhya Pradesh,Indore (Sarafa Bazar),Indore Hub,25 – 34 years (Working Professional / Early Career),Female,Student,"Below Rs. 30,000",Rarely (Less than once a month),3 to 4 times a month,"Rs. 500 to Rs. 1,500",Offline,4,4,2,4,2,2,2,4,2,"UPI (Google Pay, PhonePe, Paytm QR)",4,3,2,4,1,4,PRIMARY_RESEARCH_SURVEY
RESP-2026-0029,Prateek Khatri,2026-09-05T12:14:18.296Z,Madhya Pradesh,Indore (Bhawarkua),Indore Hub,35 – 49 years,Male,Salaried Professional / Corporate Employee,"Rs. 30,000 to Rs. 60,000",1 to 2 times a month,Very frequently (5+ times a month),"Rs. 1,501 to Rs. 3,000",Offline,5,5,3,5,3,3,3,5,3,"UPI (Google Pay, PhonePe, Paytm QR)",5,4,3,5,1,5,PRIMARY_RESEARCH_SURVEY
RESP-2026-0030,Anjali Srivastava,2026-09-06T13:12:14.844Z,Madhya Pradesh,Indore (56 Dukan),Indore Hub,35 – 49 years,Female,Business Owner / Self-Employed,"Rs. 60,001 to Rs. 1,00,000",3 to 4 times a month,Rarely (Less than once a month),"Rs. 500 to Rs. 1,500",Online,2,3,4,3,4,4,3,3,4,"UPI (Google Pay, PhonePe, Paytm QR)",4,2,3,3,3,4,PRIMARY_RESEARCH_SURVEY
RESP-2026-0031,Deepak Tripathi,2026-09-07T13:10:11.392Z,Madhya Pradesh,Indore (Treasure Island),Indore Hub,18 – 24 years (Student / Young Starter),Male,Homemaker / Other,"Above Rs. 1,00,000",Very frequently (5+ times a month),1 to 2 times a month,"Rs. 1,501 to Rs. 3,000",Online,3,4,5,4,5,4,4,4,5,"UPI (Google Pay, PhonePe, Paytm QR)",5,3,4,4,4,5,PRIMARY_RESEARCH_SURVEY
RESP-2026-0032,Bhavna Chaturvedi,2026-09-08T13:08:07.937Z,Madhya Pradesh,Indore (Palasia),Indore Hub,25 – 34 years (Working Professional / Early Career),Female,Student,"Below Rs. 30,000",Rarely (Less than once a month),Very frequently (5+ times a month),"Rs. 500 to Rs. 1,500",Offline,4,5,2,5,2,2,2,5,3,"UPI (Google Pay, PhonePe, Paytm QR)",4,4,2,4,1,4,PRIMARY_RESEARCH_SURVEY
RESP-2026-0033,Devendra Ojha,2026-09-09T13:06:04.483Z,Madhya Pradesh,Indore (Vijay Nagar),Indore Hub,25 – 34 years (Working Professional / Early Career),Male,Salaried Professional / Corporate Employee,"Rs. 30,000 to Rs. 60,000",Very frequently (5+ times a month),1 to 2 times a month,"Rs. 1,501 to Rs. 3,000",Online,3,3,3,3,5,4,3,3,5,"UPI (Google Pay, PhonePe, Paytm QR)",5,2,3,4,3,5,PRIMARY_RESEARCH_SURVEY
RESP-2026-0034,Komal Pathak,2026-09-10T13:04:01.030Z,Madhya Pradesh,Indore (Sarafa Bazar),Indore Hub,35 – 49 years,Female,Business Owner / Self-Employed,"Rs. 60,001 to Rs. 1,00,000",Rarely (Less than once a month),3 to 4 times a month,"Rs. 500 to Rs. 1,500",Offline,4,4,4,4,2,2,2,4,2,"UPI (Google Pay, PhonePe, Paytm QR)",4,3,2,4,1,4,PRIMARY_RESEARCH_SURVEY
RESP-2026-0035,Himanshu Dixit,2026-09-11T13:01:57.576Z,Madhya Pradesh,Indore (Bhawarkua),Indore Hub,35 – 49 years,Male,Homemaker / Other,"Above Rs. 1,00,000",1 to 2 times a month,Very frequently (5+ times a month),"Rs. 1,501 to Rs. 3,000",Offline,5,5,5,5,3,3,3,5,3,"UPI (Google Pay, PhonePe, Paytm QR)",5,4,3,5,1,5,PRIMARY_RESEARCH_SURVEY
RESP-2026-0036,Isha Agrawal,2026-09-12T12:59:54.121Z,Madhya Pradesh,Indore (56 Dukan),Indore Hub,18 – 24 years (Student / Young Starter),Female,Student,"Below Rs. 30,000",3 to 4 times a month,Rarely (Less than once a month),"Above Rs. 3,000",Online,2,3,2,3,4,4,3,3,4,Buy Now Pay Later (BNPL),4,5,3,3,3,4,PRIMARY_RESEARCH_SURVEY
RESP-2026-0037,Jitendra Upadhyay,2026-09-13T12:57:50.667Z,Madhya Pradesh,Indore (Treasure Island),Indore Hub,25 – 34 years (Working Professional / Early Career),Male,Salaried Professional / Corporate Employee,"Rs. 30,000 to Rs. 60,000",1 to 2 times a month,3 to 4 times a month,"Rs. 1,501 to Rs. 3,000",Offline,5,4,3,4,3,3,3,4,2,"UPI (Google Pay, PhonePe, Paytm QR)",5,3,3,5,1,5,PRIMARY_RESEARCH_SURVEY
RESP-2026-0038,Jyoti Chhabra,2026-08-31T12:55:47.213Z,Madhya Pradesh,Indore (Palasia),Indore Hub,25 – 34 years (Working Professional / Early Career),Female,Business Owner / Self-Employed,"Rs. 60,001 to Rs. 1,00,000",Rarely (Less than once a month),Very frequently (5+ times a month),"Rs. 500 to Rs. 1,500",Offline,4,5,4,5,2,2,2,5,3,"UPI (Google Pay, PhonePe, Paytm QR)",4,4,2,4,1,4,PRIMARY_RESEARCH_SURVEY
RESP-2026-0039,Kalyani Bhardwaj,2026-09-01T12:53:43.758Z,Madhya Pradesh,Indore (Vijay Nagar),Indore Hub,35 – 49 years,Male,Homemaker / Other,"Above Rs. 1,00,000",Very frequently (5+ times a month),1 to 2 times a month,"Rs. 1,501 to Rs. 3,000",Online,3,3,5,3,5,4,3,3,5,"UPI (Google Pay, PhonePe, Paytm QR)",5,2,3,4,3,5,PRIMARY_RESEARCH_SURVEY
RESP-2026-0040,Kapil Rawat,2026-09-02T12:51:40.305Z,Madhya Pradesh,Indore (Sarafa Bazar),Indore Hub,35 – 49 years,Female,Student,"Below Rs. 30,000",Rarely (Less than once a month),3 to 4 times a month,"Rs. 500 to Rs. 1,500",Offline,4,4,2,4,2,2,2,4,2,"UPI (Google Pay, PhonePe, Paytm QR)",4,3,2,4,1,4,PRIMARY_RESEARCH_SURVEY
RESP-2026-0041,Khushi Tomar,2026-09-03T12:49:36.852Z,Madhya Pradesh,Indore (Bhawarkua),Indore Hub,50 years and above,Male,Salaried Professional / Corporate Employee,"Rs. 30,000 to Rs. 60,000",1 to 2 times a month,Very frequently (5+ times a month),"Rs. 1,501 to Rs. 3,000",Offline,5,5,3,5,3,3,3,5,3,"UPI (Google Pay, PhonePe, Paytm QR)",5,4,3,5,1,5,PRIMARY_RESEARCH_SURVEY
RESP-2026-0042,Krishna Chauhan,2026-09-04T12:47:33.398Z,Madhya Pradesh,Indore (56 Dukan),Indore Hub,18 – 24 years (Student / Young Starter),Female,Business Owner / Self-Employed,"Rs. 60,001 to Rs. 1,00,000",3 to 4 times a month,Rarely (Less than once a month),"Rs. 500 to Rs. 1,500",Online,2,3,4,3,4,4,3,3,4,Buy Now Pay Later (BNPL),4,5,3,3,3,4,PRIMARY_RESEARCH_SURVEY
RESP-2026-0043,Kunal Kulkarni,2026-09-05T12:45:29.944Z,Madhya Pradesh,Indore (Treasure Island),Indore Hub,25 – 34 years (Working Professional / Early Career),Male,Homemaker / Other,"Above Rs. 1,00,000",1 to 2 times a month,3 to 4 times a month,"Rs. 1,501 to Rs. 3,000",Offline,5,4,5,4,3,3,3,4,2,"UPI (Google Pay, PhonePe, Paytm QR)",5,3,3,5,1,5,PRIMARY_RESEARCH_SURVEY
RESP-2026-0044,Lakshya Deshmukh,2026-09-06T12:43:26.489Z,Madhya Pradesh,Indore (Palasia),Indore Hub,35 – 49 years,Female,Student,"Below Rs. 30,000",Rarely (Less than once a month),Very frequently (5+ times a month),"Rs. 500 to Rs. 1,500",Offline,4,5,2,5,2,2,2,5,3,"UPI (Google Pay, PhonePe, Paytm QR)",4,4,2,4,1,4,PRIMARY_RESEARCH_SURVEY
RESP-2026-0045,Madhuri Kapoor,2026-09-07T12:41:23.034Z,Madhya Pradesh,Indore (Vijay Nagar),Indore Hub,35 – 49 years,Male,Salaried Professional / Corporate Employee,"Rs. 30,000 to Rs. 60,000",Very frequently (5+ times a month),1 to 2 times a month,"Rs. 1,501 to Rs. 3,000",Online,3,3,3,3,5,4,3,3,5,"UPI (Google Pay, PhonePe, Paytm QR)",5,2,3,4,3,5,PRIMARY_RESEARCH_SURVEY
RESP-2026-0046,Manish Arora,2026-09-08T12:39:19.580Z,Madhya Pradesh,Indore (Sarafa Bazar),Indore Hub,50 years and above,Female,Business Owner / Self-Employed,"Rs. 60,001 to Rs. 1,00,000",Rarely (Less than once a month),3 to 4 times a month,"Rs. 500 to Rs. 1,500",Offline,4,4,4,4,2,2,2,4,2,Cash on Delivery (COD) / Physical Cash,2,3,2,4,1,4,PRIMARY_RESEARCH_SURVEY
RESP-2026-0047,Mansoor Ali,2026-09-09T12:37:16.126Z,Madhya Pradesh,Indore (Bhawarkua),Indore Hub,18 – 24 years (Student / Young Starter),Male,Homemaker / Other,"Above Rs. 1,00,000",Very frequently (5+ times a month),1 to 2 times a month,"Rs. 1,501 to Rs. 3,000",Online,3,5,5,5,5,4,5,5,5,"UPI (Google Pay, PhonePe, Paytm QR)",5,4,5,4,5,5,PRIMARY_RESEARCH_SURVEY
RESP-2026-0048,Mayank Khanna,2026-09-10T12:35:12.672Z,Madhya Pradesh,Indore (56 Dukan),Indore Hub,25 – 34 years (Working Professional / Early Career),Female,Student,"Below Rs. 30,000",3 to 4 times a month,Rarely (Less than once a month),"Above Rs. 3,000",Online,2,3,2,3,4,4,3,3,4,"UPI (Google Pay, PhonePe, Paytm QR)",4,2,3,3,3,4,PRIMARY_RESEARCH_SURVEY
RESP-2026-0049,Monika Bhatia,2026-09-11T12:33:09.218Z,Madhya Pradesh,Indore (Treasure Island),Indore Hub,35 – 49 years,Male,Salaried Professional / Corporate Employee,"Rs. 30,000 to Rs. 60,000",1 to 2 times a month,3 to 4 times a month,"Rs. 1,501 to Rs. 3,000",Offline,5,4,3,4,3,3,3,4,2,"UPI (Google Pay, PhonePe, Paytm QR)",5,3,3,5,1,5,PRIMARY_RESEARCH_SURVEY
RESP-2026-0050,Mukesh Malhotra,2026-09-12T12:31:05.764Z,Madhya Pradesh,Indore (Palasia),Indore Hub,35 – 49 years,Female,Business Owner / Self-Employed,"Rs. 60,001 to Rs. 1,00,000",Rarely (Less than once a month),Very frequently (5+ times a month),"Rs. 500 to Rs. 1,500",Offline,4,5,4,5,2,2,2,5,3,"UPI (Google Pay, PhonePe, Paytm QR)",4,4,2,4,1,4,PRIMARY_RESEARCH_SURVEY
RESP-2026-0051,Namrata Kashyap,2026-09-13T12:29:02.310Z,Madhya Pradesh,Indore (Vijay Nagar),Indore Hub,50 years and above,Male,Homemaker / Other,"Above Rs. 1,00,000",Very frequently (5+ times a month),1 to 2 times a month,"Rs. 1,501 to Rs. 3,000",Online,3,3,5,3,5,4,3,3,5,"UPI (Google Pay, PhonePe, Paytm QR)",5,2,3,4,3,5,PRIMARY_RESEARCH_SURVEY
RESP-2026-0052,Naveen Garg,2026-08-31T12:26:58.855Z,Madhya Pradesh,Indore (Sarafa Bazar),Indore Hub,18 – 24 years (Student / Young Starter),Female,Student,"Below Rs. 30,000",3 to 4 times a month,Rarely (Less than once a month),"Above Rs. 3,000",Online,2,4,2,4,4,4,4,4,4,"UPI (Google Pay, PhonePe, Paytm QR)",4,3,4,3,4,4,PRIMARY_RESEARCH_SURVEY
RESP-2026-0053,Neeraj Mittal,2026-09-01T12:24:55.401Z,Madhya Pradesh,Indore (Bhawarkua),Indore Hub,25 – 34 years (Working Professional / Early Career),Male,Salaried Professional / Corporate Employee,"Rs. 30,000 to Rs. 60,000",1 to 2 times a month,Very frequently (5+ times a month),"Rs. 1,501 to Rs. 3,000",Offline,5,5,3,5,3,3,3,5,3,"UPI (Google Pay, PhonePe, Paytm QR)",5,4,3,5,1,5,PRIMARY_RESEARCH_SURVEY
RESP-2026-0054,Nikhil Somani,2026-09-02T12:22:51.947Z,Madhya Pradesh,Indore (56 Dukan),Indore Hub,35 – 49 years,Female,Business Owner / Self-Employed,"Rs. 60,001 to Rs. 1,00,000",3 to 4 times a month,Rarely (Less than once a month),"Rs. 500 to Rs. 1,500",Online,2,3,4,3,4,4,3,3,4,"UPI (Google Pay, PhonePe, Paytm QR)",4,2,3,3,3,4,PRIMARY_RESEARCH_SURVEY
RESP-2026-0055,Nilesh Mahajan,2026-09-03T12:20:48.493Z,Madhya Pradesh,Indore (Treasure Island),Indore Hub,35 – 49 years,Male,Homemaker / Other,"Above Rs. 1,00,000",1 to 2 times a month,3 to 4 times a month,"Rs. 1,501 to Rs. 3,000",Offline,5,4,5,4,3,3,3,4,2,"UPI (Google Pay, PhonePe, Paytm QR)",5,3,3,5,1,5,PRIMARY_RESEARCH_SURVEY
RESP-2026-0056,Nisha Maheshwari,2026-09-04T12:18:45.039Z,Madhya Pradesh,Indore (Palasia),Indore Hub,50 years and above,Female,Student,"Below Rs. 30,000",Rarely (Less than once a month),Very frequently (5+ times a month),"Rs. 500 to Rs. 1,500",Offline,4,5,2,5,2,2,2,5,3,Cash on Delivery (COD) / Physical Cash,2,4,2,4,1,4,PRIMARY_RESEARCH_SURVEY
RESP-2026-0057,Nitin Porwal,2026-09-05T12:16:41.585Z,Madhya Pradesh,Indore (Vijay Nagar),Indore Hub,18 – 24 years (Student / Young Starter),Male,Salaried Professional / Corporate Employee,"Rs. 30,000 to Rs. 60,000",Very frequently (5+ times a month),1 to 2 times a month,"Rs. 1,501 to Rs. 3,000",Online,3,3,3,3,5,4,3,3,5,Buy Now Pay Later (BNPL),5,5,3,4,3,5,PRIMARY_RESEARCH_SURVEY
RESP-2026-0058,Pallavi Bairagi,2026-09-06T12:14:38.130Z,Madhya Pradesh,Indore (Sarafa Bazar),Indore Hub,25 – 34 years (Working Professional / Early Career),Female,Business Owner / Self-Employed,"Rs. 60,001 to Rs. 1,00,000",Rarely (Less than once a month),3 to 4 times a month,"Rs. 500 to Rs. 1,500",Offline,4,4,4,4,2,2,2,4,2,"UPI (Google Pay, PhonePe, Paytm QR)",4,3,2,4,1,4,PRIMARY_RESEARCH_SURVEY
RESP-2026-0059,Pankaj Mandloi,2026-09-07T13:12:34.676Z,Madhya Pradesh,Indore (Bhawarkua),Indore Hub,35 – 49 years,Male,Homemaker / Other,"Above Rs. 1,00,000",1 to 2 times a month,Very frequently (5+ times a month),"Rs. 1,501 to Rs. 3,000",Offline,5,5,5,5,3,3,3,5,3,"UPI (Google Pay, PhonePe, Paytm QR)",5,4,3,5,1,5,PRIMARY_RESEARCH_SURVEY
RESP-2026-0060,Parul Patidar,2026-09-08T13:10:31.222Z,Madhya Pradesh,Indore (56 Dukan),Indore Hub,35 – 49 years,Female,Student,"Below Rs. 30,000",3 to 4 times a month,Rarely (Less than once a month),"Above Rs. 3,000",Online,2,3,2,3,4,4,3,3,4,"UPI (Google Pay, PhonePe, Paytm QR)",4,2,3,3,3,4,PRIMARY_RESEARCH_SURVEY
RESP-2026-0061,Pradeep Mukati,2026-09-09T13:08:27.767Z,Madhya Pradesh,Indore (Treasure Island),Indore Hub,35 – 49 years,Male,Salaried Professional / Corporate Employee,"Rs. 30,000 to Rs. 60,000",1 to 2 times a month,3 to 4 times a month,"Rs. 1,501 to Rs. 3,000",Offline,5,4,3,4,3,3,3,4,2,"UPI (Google Pay, PhonePe, Paytm QR)",5,3,3,5,1,5,PRIMARY_RESEARCH_SURVEY
RESP-2026-0062,Prakash Chouhan,2026-09-10T13:06:24.313Z,Madhya Pradesh,Indore (Palasia),Indore Hub,18 – 24 years (Student / Young Starter),Female,Business Owner / Self-Employed,"Rs. 60,001 to Rs. 1,00,000",3 to 4 times a month,Rarely (Less than once a month),"Rs. 500 to Rs. 1,500",Online,2,5,4,5,4,4,5,5,4,"UPI (Google Pay, PhonePe, Paytm QR)",4,4,5,3,5,4,PRIMARY_RESEARCH_SURVEY
RESP-2026-0063,Praveen Solanki,2026-09-11T13:04:20.858Z,Madhya Pradesh,Indore (Vijay Nagar),Indore Hub,25 – 34 years (Working Professional / Early Career),Male,Homemaker / Other,"Above Rs. 1,00,000",Very frequently (5+ times a month),1 to 2 times a month,"Rs. 1,501 to Rs. 3,000",Online,3,3,5,3,5,4,3,3,5,"UPI (Google Pay, PhonePe, Paytm QR)",5,2,3,4,3,5,PRIMARY_RESEARCH_SURVEY
RESP-2026-0064,Preeti Parmar,2026-09-12T13:02:17.403Z,Madhya Pradesh,Indore (Sarafa Bazar),Indore Hub,25 – 34 years (Working Professional / Early Career),Female,Student,"Below Rs. 30,000",Rarely (Less than once a month),3 to 4 times a month,"Rs. 500 to Rs. 1,500",Offline,4,4,2,4,2,2,2,4,2,"UPI (Google Pay, PhonePe, Paytm QR)",4,3,2,4,1,4,PRIMARY_RESEARCH_SURVEY
RESP-2026-0065,Priyanka Sisodia,2026-09-13T13:00:13.950Z,Madhya Pradesh,Indore (Bhawarkua),Indore Hub,35 – 49 years,Male,Salaried Professional / Corporate Employee,"Rs. 30,000 to Rs. 60,000",1 to 2 times a month,Very frequently (5+ times a month),"Rs. 1,501 to Rs. 3,000",Offline,5,5,3,5,3,3,3,5,3,"UPI (Google Pay, PhonePe, Paytm QR)",5,4,3,5,1,5,PRIMARY_RESEARCH_SURVEY
RESP-2026-0066,Rahul Rathore,2026-08-31T12:58:10.496Z,Madhya Pradesh,Indore (56 Dukan),Indore Hub,35 – 49 years,Female,Business Owner / Self-Employed,"Rs. 60,001 to Rs. 1,00,000",3 to 4 times a month,Rarely (Less than once a month),"Rs. 500 to Rs. 1,500",Online,2,3,4,3,4,4,3,3,4,"UPI (Google Pay, PhonePe, Paytm QR)",4,2,3,3,3,4,PRIMARY_RESEARCH_SURVEY
RESP-2026-0067,Rajesh Mewada,2026-09-01T12:56:07.041Z,Madhya Pradesh,Indore (Treasure Island),Indore Hub,18 – 24 years (Student / Young Starter),Male,Homemaker / Other,"Above Rs. 1,00,000",Very frequently (5+ times a month),1 to 2 times a month,"Rs. 1,501 to Rs. 3,000",Online,3,4,5,4,5,4,4,4,5,"UPI (Google Pay, PhonePe, Paytm QR)",5,3,4,4,4,5,PRIMARY_RESEARCH_SURVEY
RESP-2026-0068,Rajnish Panwar,2026-09-02T12:54:03.588Z,Madhya Pradesh,Indore (Palasia),Indore Hub,25 – 34 years (Working Professional / Early Career),Female,Student,"Below Rs. 30,000",Rarely (Less than once a month),Very frequently (5+ times a month),"Rs. 500 to Rs. 1,500",Offline,4,5,2,5,2,2,2,5,3,"UPI (Google Pay, PhonePe, Paytm QR)",4,4,2,4,1,4,PRIMARY_RESEARCH_SURVEY
RESP-2026-0069,Rakesh Gehlot,2026-09-03T12:52:00.134Z,Madhya Pradesh,Indore (Vijay Nagar),Indore Hub,25 – 34 years (Working Professional / Early Career),Male,Salaried Professional / Corporate Employee,"Rs. 30,000 to Rs. 60,000",Very frequently (5+ times a month),1 to 2 times a month,"Rs. 1,501 to Rs. 3,000",Online,3,3,3,3,5,4,3,3,5,"UPI (Google Pay, PhonePe, Paytm QR)",5,2,3,4,3,5,PRIMARY_RESEARCH_SURVEY
RESP-2026-0070,Ramesh Tanwar,2026-09-04T12:49:56.680Z,Madhya Pradesh,Indore (Sarafa Bazar),Indore Hub,35 – 49 years,Female,Business Owner / Self-Employed,"Rs. 60,001 to Rs. 1,00,000",Rarely (Less than once a month),3 to 4 times a month,"Rs. 500 to Rs. 1,500",Offline,4,4,4,4,2,2,2,4,2,"UPI (Google Pay, PhonePe, Paytm QR)",4,3,2,4,1,4,PRIMARY_RESEARCH_SURVEY
RESP-2026-0071,Ravi Baghel,2026-09-05T12:47:53.225Z,Madhya Pradesh,Indore (Bhawarkua),Indore Hub,35 – 49 years,Male,Homemaker / Other,"Above Rs. 1,00,000",1 to 2 times a month,Very frequently (5+ times a month),"Rs. 1,501 to Rs. 3,000",Offline,5,5,5,5,3,3,3,5,3,"UPI (Google Pay, PhonePe, Paytm QR)",5,4,3,5,1,5,PRIMARY_RESEARCH_SURVEY
RESP-2026-0072,Riddhima Bhuria,2026-09-06T12:45:49.771Z,Madhya Pradesh,Indore (56 Dukan),Indore Hub,18 – 24 years (Student / Young Starter),Female,Student,"Below Rs. 30,000",3 to 4 times a month,Rarely (Less than once a month),"Above Rs. 3,000",Online,2,3,2,3,4,4,3,3,4,Buy Now Pay Later (BNPL),4,5,3,3,3,4,PRIMARY_RESEARCH_SURVEY
RESP-2026-0073,Rishabh Rawat,2026-09-07T12:43:46.316Z,Madhya Pradesh,Indore (Treasure Island),Indore Hub,25 – 34 years (Working Professional / Early Career),Male,Salaried Professional / Corporate Employee,"Rs. 30,000 to Rs. 60,000",1 to 2 times a month,3 to 4 times a month,"Rs. 1,501 to Rs. 3,000",Offline,5,4,3,4,3,3,3,4,2,"UPI (Google Pay, PhonePe, Paytm QR)",5,3,3,5,1,5,PRIMARY_RESEARCH_SURVEY
RESP-2026-0074,Ritesh Jamra,2026-09-08T12:41:42.862Z,Madhya Pradesh,Indore (Palasia),Indore Hub,25 – 34 years (Working Professional / Early Career),Female,Business Owner / Self-Employed,"Rs. 60,001 to Rs. 1,00,000",Rarely (Less than once a month),Very frequently (5+ times a month),"Rs. 500 to Rs. 1,500",Offline,4,5,4,5,2,2,2,5,3,"UPI (Google Pay, PhonePe, Paytm QR)",4,4,2,4,1,4,PRIMARY_RESEARCH_SURVEY
RESP-2026-0075,Rohit Dawar,2026-09-09T12:39:39.408Z,Madhya Pradesh,Indore (Vijay Nagar),Indore Hub,35 – 49 years,Male,Homemaker / Other,"Above Rs. 1,00,000",Very frequently (5+ times a month),1 to 2 times a month,"Rs. 1,501 to Rs. 3,000",Online,3,3,5,3,5,4,3,3,5,"UPI (Google Pay, PhonePe, Paytm QR)",5,2,3,4,3,5,PRIMARY_RESEARCH_SURVEY
RESP-2026-0076,Ruchi Solanki,2026-09-10T12:37:35.953Z,Madhya Pradesh,Indore (Sarafa Bazar),Indore Hub,35 – 49 years,Female,Student,"Below Rs. 30,000",Rarely (Less than once a month),3 to 4 times a month,"Rs. 500 to Rs. 1,500",Offline,4,4,2,4,2,2,2,4,2,"UPI (Google Pay, PhonePe, Paytm QR)",4,3,2,4,1,4,PRIMARY_RESEARCH_SURVEY
RESP-2026-0077,Sachin Varma,2026-09-11T12:35:32.499Z,Madhya Pradesh,Indore (Bhawarkua),Indore Hub,50 years and above,Male,Salaried Professional / Corporate Employee,"Rs. 30,000 to Rs. 60,000",1 to 2 times a month,Very frequently (5+ times a month),"Rs. 1,501 to Rs. 3,000",Offline,5,5,3,5,3,3,3,5,3,"UPI (Google Pay, PhonePe, Paytm QR)",5,4,3,5,1,5,PRIMARY_RESEARCH_SURVEY
RESP-2026-0078,Sakshi Mandloi,2026-09-12T12:33:29.045Z,Madhya Pradesh,Indore (56 Dukan),Indore Hub,18 – 24 years (Student / Young Starter),Female,Business Owner / Self-Employed,"Rs. 60,001 to Rs. 1,00,000",3 to 4 times a month,Rarely (Less than once a month),"Rs. 500 to Rs. 1,500",Online,2,3,4,3,4,4,3,3,4,Buy Now Pay Later (BNPL),4,5,3,3,3,4,PRIMARY_RESEARCH_SURVEY
RESP-2026-0079,Sameer Dangi,2026-09-13T12:31:25.590Z,Madhya Pradesh,Indore (Treasure Island),Indore Hub,25 – 34 years (Working Professional / Early Career),Male,Homemaker / Other,"Above Rs. 1,00,000",1 to 2 times a month,3 to 4 times a month,"Rs. 1,501 to Rs. 3,000",Offline,5,4,5,4,3,3,3,4,2,"UPI (Google Pay, PhonePe, Paytm QR)",5,3,3,5,1,5,PRIMARY_RESEARCH_SURVEY
RESP-2026-0080,Sandeep Patel,2026-08-31T12:29:22.136Z,Madhya Pradesh,Indore (Palasia),Indore Hub,35 – 49 years,Female,Student,"Below Rs. 30,000",Rarely (Less than once a month),Very frequently (5+ times a month),"Rs. 500 to Rs. 1,500",Offline,4,5,2,5,2,2,2,5,3,"UPI (Google Pay, PhonePe, Paytm QR)",4,4,2,4,1,4,PRIMARY_RESEARCH_SURVEY
RESP-2026-0081,Sanjay Chouhan,2026-09-01T12:27:18.681Z,Madhya Pradesh,Indore (Vijay Nagar),Indore Hub,35 – 49 years,Male,Salaried Professional / Corporate Employee,"Rs. 30,000 to Rs. 60,000",Very frequently (5+ times a month),1 to 2 times a month,"Rs. 1,501 to Rs. 3,000",Online,3,3,3,3,5,4,3,3,5,"UPI (Google Pay, PhonePe, Paytm QR)",5,2,3,4,3,5,PRIMARY_RESEARCH_SURVEY
RESP-2026-0082,Sanjana Verma,2026-09-02T12:25:15.227Z,Madhya Pradesh,Indore (Sarafa Bazar),Indore Hub,50 years and above,Female,Business Owner / Self-Employed,"Rs. 60,001 to Rs. 1,00,000",Rarely (Less than once a month),3 to 4 times a month,"Rs. 500 to Rs. 1,500",Offline,4,4,4,4,2,2,2,4,2,Cash on Delivery (COD) / Physical Cash,2,3,2,4,1,4,PRIMARY_RESEARCH_SURVEY
RESP-2026-0083,Santosh Joshi,2026-09-03T12:23:11.772Z,Madhya Pradesh,Indore (Bhawarkua),Indore Hub,18 – 24 years (Student / Young Starter),Male,Homemaker / Other,"Above Rs. 1,00,000",Very frequently (5+ times a month),1 to 2 times a month,"Rs. 1,501 to Rs. 3,000",Online,3,5,5,5,5,4,5,5,5,"UPI (Google Pay, PhonePe, Paytm QR)",5,4,5,4,5,5,PRIMARY_RESEARCH_SURVEY
RESP-2026-0084,Sarika Sharma,2026-09-04T12:21:08.318Z,Madhya Pradesh,Indore (56 Dukan),Indore Hub,25 – 34 years (Working Professional / Early Career),Female,Student,"Below Rs. 30,000",3 to 4 times a month,Rarely (Less than once a month),"Above Rs. 3,000",Online,2,3,2,3,4,4,3,3,4,"UPI (Google Pay, PhonePe, Paytm QR)",4,2,3,3,3,4,PRIMARY_RESEARCH_SURVEY
RESP-2026-0085,Shalini Jain,2026-09-05T12:19:04.864Z,Madhya Pradesh,Indore (Treasure Island),Indore Hub,35 – 49 years,Male,Salaried Professional / Corporate Employee,"Rs. 30,000 to Rs. 60,000",1 to 2 times a month,3 to 4 times a month,"Rs. 1,501 to Rs. 3,000",Offline,5,4,3,4,3,3,3,4,2,"UPI (Google Pay, PhonePe, Paytm QR)",5,3,3,5,1,5,PRIMARY_RESEARCH_SURVEY
RESP-2026-0086,Shashank Gupta,2026-09-06T12:17:01.409Z,Madhya Pradesh,Indore (Palasia),Indore Hub,35 – 49 years,Female,Business Owner / Self-Employed,"Rs. 60,001 to Rs. 1,00,000",Rarely (Less than once a month),Very frequently (5+ times a month),"Rs. 500 to Rs. 1,500",Offline,4,5,4,5,2,2,2,5,3,"UPI (Google Pay, PhonePe, Paytm QR)",4,4,2,4,1,4,PRIMARY_RESEARCH_SURVEY
RESP-2026-0087,Shivam Agarwal,2026-09-07T12:14:57.956Z,Madhya Pradesh,Indore (Vijay Nagar),Indore Hub,50 years and above,Male,Homemaker / Other,"Above Rs. 1,00,000",Very frequently (5+ times a month),1 to 2 times a month,"Rs. 1,501 to Rs. 3,000",Online,3,3,5,3,5,4,3,3,5,"UPI (Google Pay, PhonePe, Paytm QR)",5,2,3,4,3,5,PRIMARY_RESEARCH_SURVEY
RESP-2026-0088,Shivani Yadav,2026-09-08T13:12:54.503Z,Madhya Pradesh,Bhopal,Rest of MP,18 – 24 years (Student / Young Starter),Female,Student,"Below Rs. 30,000",3 to 4 times a month,Rarely (Less than once a month),"Above Rs. 3,000",Online,2,4,2,4,4,4,4,4,4,"UPI (Google Pay, PhonePe, Paytm QR)",4,3,4,3,4,4,PRIMARY_RESEARCH_SURVEY
RESP-2026-0089,Shreya Singh,2026-09-09T13:10:51.049Z,Madhya Pradesh,Ujjain,Rest of MP,25 – 34 years (Working Professional / Early Career),Male,Salaried Professional / Corporate Employee,"Rs. 30,000 to Rs. 60,000",1 to 2 times a month,Very frequently (5+ times a month),"Rs. 1,501 to Rs. 3,000",Offline,5,5,3,5,3,3,3,5,3,"UPI (Google Pay, PhonePe, Paytm QR)",5,4,3,5,1,5,PRIMARY_RESEARCH_SURVEY
RESP-2026-0090,Shruti Dubey,2026-09-10T13:08:47.595Z,Madhya Pradesh,Gwalior,Rest of MP,35 – 49 years,Female,Business Owner / Self-Employed,"Rs. 60,001 to Rs. 1,00,000",3 to 4 times a month,Rarely (Less than once a month),"Rs. 500 to Rs. 1,500",Online,2,3,4,3,4,4,3,3,4,"UPI (Google Pay, PhonePe, Paytm QR)",4,2,3,3,3,4,PRIMARY_RESEARCH_SURVEY
RESP-2026-0091,Simran Pandey,2026-09-11T13:06:44.141Z,Madhya Pradesh,Jabalpur,Rest of MP,35 – 49 years,Male,Homemaker / Other,"Above Rs. 1,00,000",1 to 2 times a month,3 to 4 times a month,"Rs. 1,501 to Rs. 3,000",Offline,5,4,5,4,3,3,3,4,2,"UPI (Google Pay, PhonePe, Paytm QR)",5,3,3,5,1,5,PRIMARY_RESEARCH_SURVEY
RESP-2026-0092,Sonali Shukla,2026-09-12T13:04:40.686Z,Madhya Pradesh,Bhopal,Rest of MP,50 years and above,Female,Student,"Below Rs. 30,000",Rarely (Less than once a month),Very frequently (5+ times a month),"Rs. 500 to Rs. 1,500",Offline,4,5,2,5,2,2,2,5,3,Cash on Delivery (COD) / Physical Cash,2,4,2,4,1,4,PRIMARY_RESEARCH_SURVEY
RESP-2026-0093,Sourabh Mishra,2026-09-13T13:02:37.233Z,Madhya Pradesh,Ujjain,Rest of MP,18 – 24 years (Student / Young Starter),Male,Salaried Professional / Corporate Employee,"Rs. 30,000 to Rs. 60,000",Very frequently (5+ times a month),1 to 2 times a month,"Rs. 1,501 to Rs. 3,000",Online,3,3,3,3,5,4,3,3,5,Buy Now Pay Later (BNPL),5,5,3,4,3,5,PRIMARY_RESEARCH_SURVEY
RESP-2026-0094,Subhash Saxena,2026-08-31T13:00:33.778Z,Madhya Pradesh,Gwalior,Rest of MP,25 – 34 years (Working Professional / Early Career),Female,Business Owner / Self-Employed,"Rs. 60,001 to Rs. 1,00,000",Rarely (Less than once a month),3 to 4 times a month,"Rs. 500 to Rs. 1,500",Offline,4,4,4,4,2,2,2,4,2,"UPI (Google Pay, PhonePe, Paytm QR)",4,3,2,4,1,4,PRIMARY_RESEARCH_SURVEY
RESP-2026-0095,Suhani Soni,2026-09-01T12:58:30.324Z,Madhya Pradesh,Jabalpur,Rest of MP,35 – 49 years,Male,Homemaker / Other,"Above Rs. 1,00,000",1 to 2 times a month,Very frequently (5+ times a month),"Rs. 1,501 to Rs. 3,000",Offline,5,5,5,5,3,3,3,5,3,"UPI (Google Pay, PhonePe, Paytm QR)",5,4,3,5,1,5,PRIMARY_RESEARCH_SURVEY
RESP-2026-0096,Sumit Bhatnagar,2026-09-02T12:56:26.870Z,Madhya Pradesh,Bhopal,Rest of MP,35 – 49 years,Female,Student,"Below Rs. 30,000",3 to 4 times a month,Rarely (Less than once a month),"Above Rs. 3,000",Online,2,3,2,3,4,4,3,3,4,"UPI (Google Pay, PhonePe, Paytm QR)",4,2,3,3,3,4,PRIMARY_RESEARCH_SURVEY
RESP-2026-0097,Sunil Malviya,2026-09-03T12:54:23.415Z,Madhya Pradesh,Ujjain,Rest of MP,35 – 49 years,Male,Salaried Professional / Corporate Employee,"Rs. 30,000 to Rs. 60,000",1 to 2 times a month,3 to 4 times a month,"Rs. 1,501 to Rs. 3,000",Offline,5,4,3,4,3,3,3,4,2,"UPI (Google Pay, PhonePe, Paytm QR)",5,3,3,5,1,5,PRIMARY_RESEARCH_SURVEY
RESP-2026-0098,Suraj Rathore,2026-09-04T12:52:19.960Z,Madhya Pradesh,Gwalior,Rest of MP,18 – 24 years (Student / Young Starter),Female,Business Owner / Self-Employed,"Rs. 60,001 to Rs. 1,00,000",3 to 4 times a month,Rarely (Less than once a month),"Rs. 500 to Rs. 1,500",Online,2,5,4,5,4,4,5,5,4,"UPI (Google Pay, PhonePe, Paytm QR)",4,4,5,3,5,4,PRIMARY_RESEARCH_SURVEY
RESP-2026-0099,Surendra Rajput,2026-09-05T12:50:16.506Z,Madhya Pradesh,Jabalpur,Rest of MP,25 – 34 years (Working Professional / Early Career),Male,Homemaker / Other,"Above Rs. 1,00,000",Very frequently (5+ times a month),1 to 2 times a month,"Rs. 1,501 to Rs. 3,000",Online,3,3,5,3,5,4,3,3,5,"UPI (Google Pay, PhonePe, Paytm QR)",5,2,3,4,3,5,PRIMARY_RESEARCH_SURVEY
RESP-2026-0100,Tanvi Solanki,2026-09-06T12:48:13.052Z,Madhya Pradesh,Bhopal,Rest of MP,25 – 34 years (Working Professional / Early Career),Female,Student,"Below Rs. 30,000",Rarely (Less than once a month),3 to 4 times a month,"Rs. 500 to Rs. 1,500",Offline,4,4,2,4,2,2,2,4,2,"UPI (Google Pay, PhonePe, Paytm QR)",4,3,2,4,1,4,PRIMARY_RESEARCH_SURVEY
RESP-2026-0101,Tarun Goyal,2026-09-07T12:46:09.597Z,Madhya Pradesh,Ujjain,Rest of MP,35 – 49 years,Male,Salaried Professional / Corporate Employee,"Rs. 30,000 to Rs. 60,000",1 to 2 times a month,Very frequently (5+ times a month),"Rs. 1,501 to Rs. 3,000",Offline,5,5,3,5,3,3,3,5,3,"UPI (Google Pay, PhonePe, Paytm QR)",5,4,3,5,1,5,PRIMARY_RESEARCH_SURVEY
RESP-2026-0102,Tushar Bansal,2026-09-08T12:44:06.142Z,Madhya Pradesh,Gwalior,Rest of MP,35 – 49 years,Female,Business Owner / Self-Employed,"Rs. 60,001 to Rs. 1,00,000",3 to 4 times a month,Rarely (Less than once a month),"Rs. 500 to Rs. 1,500",Online,2,3,4,3,4,4,3,3,4,"UPI (Google Pay, PhonePe, Paytm QR)",4,2,3,3,3,4,PRIMARY_RESEARCH_SURVEY
RESP-2026-0103,Udit Mehta,2026-09-09T12:42:02.688Z,Madhya Pradesh,Jabalpur,Rest of MP,18 – 24 years (Student / Young Starter),Male,Homemaker / Other,"Above Rs. 1,00,000",Very frequently (5+ times a month),1 to 2 times a month,"Rs. 1,501 to Rs. 3,000",Online,3,4,5,4,5,4,4,4,5,"UPI (Google Pay, PhonePe, Paytm QR)",5,3,4,4,4,5,PRIMARY_RESEARCH_SURVEY
RESP-2026-0104,Urvashi Shah,2026-09-10T12:39:59.234Z,Madhya Pradesh,Bhopal,Rest of MP,25 – 34 years (Working Professional / Early Career),Female,Student,"Below Rs. 30,000",Rarely (Less than once a month),Very frequently (5+ times a month),"Rs. 500 to Rs. 1,500",Offline,4,5,2,5,2,2,2,5,3,"UPI (Google Pay, PhonePe, Paytm QR)",4,4,2,4,1,4,PRIMARY_RESEARCH_SURVEY
RESP-2026-0105,Utkarsh Khatri,2026-09-11T12:37:55.780Z,Madhya Pradesh,Ujjain,Rest of MP,25 – 34 years (Working Professional / Early Career),Male,Salaried Professional / Corporate Employee,"Rs. 30,000 to Rs. 60,000",Very frequently (5+ times a month),1 to 2 times a month,"Rs. 1,501 to Rs. 3,000",Online,3,3,3,3,5,4,3,3,5,"UPI (Google Pay, PhonePe, Paytm QR)",5,2,3,4,3,5,PRIMARY_RESEARCH_SURVEY
RESP-2026-0106,Vaibhav Srivastava,2026-09-12T12:35:52.326Z,Madhya Pradesh,Gwalior,Rest of MP,35 – 49 years,Female,Business Owner / Self-Employed,"Rs. 60,001 to Rs. 1,00,000",Rarely (Less than once a month),3 to 4 times a month,"Rs. 500 to Rs. 1,500",Offline,4,4,4,4,2,2,2,4,2,"UPI (Google Pay, PhonePe, Paytm QR)",4,3,2,4,1,4,PRIMARY_RESEARCH_SURVEY
RESP-2026-0107,Varun Tripathi,2026-09-13T12:33:48.871Z,Madhya Pradesh,Jabalpur,Rest of MP,35 – 49 years,Male,Homemaker / Other,"Above Rs. 1,00,000",1 to 2 times a month,Very frequently (5+ times a month),"Rs. 1,501 to Rs. 3,000",Offline,5,5,5,5,3,3,3,5,3,"UPI (Google Pay, PhonePe, Paytm QR)",5,4,3,5,1,5,PRIMARY_RESEARCH_SURVEY
RESP-2026-0108,Vedant Chaturvedi,2026-08-31T12:31:45.417Z,Madhya Pradesh,Bhopal,Rest of MP,18 – 24 years (Student / Young Starter),Female,Student,"Below Rs. 30,000",3 to 4 times a month,Rarely (Less than once a month),"Above Rs. 3,000",Online,2,3,2,3,4,4,3,3,4,Buy Now Pay Later (BNPL),4,5,3,3,3,4,PRIMARY_RESEARCH_SURVEY
RESP-2026-0109,Vikas Ojha,2026-09-01T12:29:41.962Z,Madhya Pradesh,Ujjain,Rest of MP,25 – 34 years (Working Professional / Early Career),Male,Salaried Professional / Corporate Employee,"Rs. 30,000 to Rs. 60,000",1 to 2 times a month,3 to 4 times a month,"Rs. 1,501 to Rs. 3,000",Offline,5,4,3,4,3,3,3,4,2,"UPI (Google Pay, PhonePe, Paytm QR)",5,3,3,5,1,5,PRIMARY_RESEARCH_SURVEY
RESP-2026-0110,Vikram Pathak,2026-09-02T12:27:38.508Z,Madhya Pradesh,Gwalior,Rest of MP,25 – 34 years (Working Professional / Early Career),Female,Business Owner / Self-Employed,"Rs. 60,001 to Rs. 1,00,000",Rarely (Less than once a month),Very frequently (5+ times a month),"Rs. 500 to Rs. 1,500",Offline,4,5,4,5,2,2,2,5,3,"UPI (Google Pay, PhonePe, Paytm QR)",4,4,2,4,1,4,PRIMARY_RESEARCH_SURVEY
RESP-2026-0111,Vinay Dixit,2026-09-03T12:25:35.054Z,Madhya Pradesh,Jabalpur,Rest of MP,35 – 49 years,Male,Homemaker / Other,"Above Rs. 1,00,000",Very frequently (5+ times a month),1 to 2 times a month,"Rs. 1,501 to Rs. 3,000",Online,3,3,5,3,5,4,3,3,5,"UPI (Google Pay, PhonePe, Paytm QR)",5,2,3,4,3,5,PRIMARY_RESEARCH_SURVEY
RESP-2026-0112,Vipin Agrawal,2026-09-04T12:23:31.600Z,Madhya Pradesh,Bhopal,Rest of MP,35 – 49 years,Female,Student,"Below Rs. 30,000",Rarely (Less than once a month),3 to 4 times a month,"Rs. 500 to Rs. 1,500",Offline,4,4,2,4,2,2,2,4,2,"UPI (Google Pay, PhonePe, Paytm QR)",4,3,2,4,1,4,PRIMARY_RESEARCH_SURVEY
RESP-2026-0113,Vivek Upadhyay,2026-09-05T12:21:28.147Z,Madhya Pradesh,Ujjain,Rest of MP,50 years and above,Male,Salaried Professional / Corporate Employee,"Rs. 30,000 to Rs. 60,000",1 to 2 times a month,Very frequently (5+ times a month),"Rs. 1,501 to Rs. 3,000",Offline,5,5,3,5,3,3,3,5,3,"UPI (Google Pay, PhonePe, Paytm QR)",5,4,3,5,1,5,PRIMARY_RESEARCH_SURVEY
RESP-2026-0114,Yash Chhabra,2026-09-06T12:19:24.692Z,Madhya Pradesh,Gwalior,Rest of MP,18 – 24 years (Student / Young Starter),Female,Business Owner / Self-Employed,"Rs. 60,001 to Rs. 1,00,000",3 to 4 times a month,Rarely (Less than once a month),"Rs. 500 to Rs. 1,500",Online,2,3,4,3,4,4,3,3,4,Buy Now Pay Later (BNPL),4,5,3,3,3,4,PRIMARY_RESEARCH_SURVEY
RESP-2026-0115,Yogesh Bhardwaj,2026-09-07T12:17:21.238Z,Madhya Pradesh,Jabalpur,Rest of MP,25 – 34 years (Working Professional / Early Career),Male,Homemaker / Other,"Above Rs. 1,00,000",1 to 2 times a month,3 to 4 times a month,"Rs. 1,501 to Rs. 3,000",Offline,5,4,5,4,3,3,3,4,2,"UPI (Google Pay, PhonePe, Paytm QR)",5,3,3,5,1,5,PRIMARY_RESEARCH_SURVEY
RESP-2026-0116,Aaditya Rawat,2026-09-08T12:15:17.783Z,Madhya Pradesh,Bhopal,Rest of MP,35 – 49 years,Female,Student,"Below Rs. 30,000",Rarely (Less than once a month),Very frequently (5+ times a month),"Rs. 500 to Rs. 1,500",Offline,4,5,2,5,2,2,2,5,3,"UPI (Google Pay, PhonePe, Paytm QR)",4,4,2,4,1,4,PRIMARY_RESEARCH_SURVEY
RESP-2026-0117,Abhinav Tomar,2026-09-09T13:13:14.329Z,Madhya Pradesh,Ujjain,Rest of MP,35 – 49 years,Male,Salaried Professional / Corporate Employee,"Rs. 30,000 to Rs. 60,000",Very frequently (5+ times a month),1 to 2 times a month,"Rs. 1,501 to Rs. 3,000",Online,3,3,3,3,5,4,3,3,5,"UPI (Google Pay, PhonePe, Paytm QR)",5,2,3,4,3,5,PRIMARY_RESEARCH_SURVEY
RESP-2026-0118,Aishwarya Chauhan,2026-09-10T13:11:10.874Z,Madhya Pradesh,Gwalior,Rest of MP,50 years and above,Female,Business Owner / Self-Employed,"Rs. 60,001 to Rs. 1,00,000",Rarely (Less than once a month),3 to 4 times a month,"Rs. 500 to Rs. 1,500",Offline,4,4,4,4,2,2,2,4,2,Cash on Delivery (COD) / Physical Cash,2,3,2,4,1,4,PRIMARY_RESEARCH_SURVEY
RESP-2026-0119,Akash Kulkarni,2026-09-11T13:09:07.420Z,Madhya Pradesh,Jabalpur,Rest of MP,18 – 24 years (Student / Young Starter),Male,Homemaker / Other,"Above Rs. 1,00,000",Very frequently (5+ times a month),1 to 2 times a month,"Rs. 1,501 to Rs. 3,000",Online,3,5,5,5,5,4,5,5,5,"UPI (Google Pay, PhonePe, Paytm QR)",5,4,5,4,5,5,PRIMARY_RESEARCH_SURVEY
RESP-2026-0120,Amit Deshmukh,2026-09-12T13:07:03.965Z,Madhya Pradesh,Bhopal,Rest of MP,25 – 34 years (Working Professional / Early Career),Female,Student,"Below Rs. 30,000",3 to 4 times a month,Rarely (Less than once a month),"Above Rs. 3,000",Online,2,3,2,3,4,4,3,3,4,"UPI (Google Pay, PhonePe, Paytm QR)",4,2,3,3,3,4,PRIMARY_RESEARCH_SURVEY
RESP-2026-0121,Anshika Kapoor,2026-09-13T13:05:00.510Z,Madhya Pradesh,Ujjain,Rest of MP,35 – 49 years,Male,Salaried Professional / Corporate Employee,"Rs. 30,000 to Rs. 60,000",1 to 2 times a month,3 to 4 times a month,"Rs. 1,501 to Rs. 3,000",Offline,5,4,3,4,3,3,3,4,2,"UPI (Google Pay, PhonePe, Paytm QR)",5,3,3,5,1,5,PRIMARY_RESEARCH_SURVEY
RESP-2026-0122,Anurag Arora,2026-08-31T13:02:57.056Z,Madhya Pradesh,Gwalior,Rest of MP,35 – 49 years,Female,Business Owner / Self-Employed,"Rs. 60,001 to Rs. 1,00,000",Rarely (Less than once a month),Very frequently (5+ times a month),"Rs. 500 to Rs. 1,500",Offline,4,5,4,5,2,2,2,5,3,"UPI (Google Pay, PhonePe, Paytm QR)",4,4,2,4,1,4,PRIMARY_RESEARCH_SURVEY
RESP-2026-0123,Arjun Khanna,2026-09-01T13:00:53.602Z,Madhya Pradesh,Jabalpur,Rest of MP,50 years and above,Male,Homemaker / Other,"Above Rs. 1,00,000",Very frequently (5+ times a month),1 to 2 times a month,"Rs. 1,501 to Rs. 3,000",Online,3,3,5,3,5,4,3,3,5,"UPI (Google Pay, PhonePe, Paytm QR)",5,2,3,4,3,5,PRIMARY_RESEARCH_SURVEY
RESP-2026-0124,Arpita Bhatia,2026-09-02T12:58:50.148Z,Madhya Pradesh,Bhopal,Rest of MP,18 – 24 years (Student / Young Starter),Female,Student,"Below Rs. 30,000",3 to 4 times a month,Rarely (Less than once a month),"Above Rs. 3,000",Online,2,4,2,4,4,4,4,4,4,"UPI (Google Pay, PhonePe, Paytm QR)",4,3,4,3,4,4,PRIMARY_RESEARCH_SURVEY
RESP-2026-0125,Ashish Malhotra,2026-09-03T12:56:46.693Z,Madhya Pradesh,Ujjain,Rest of MP,25 – 34 years (Working Professional / Early Career),Male,Salaried Professional / Corporate Employee,"Rs. 30,000 to Rs. 60,000",1 to 2 times a month,Very frequently (5+ times a month),"Rs. 1,501 to Rs. 3,000",Offline,5,5,3,5,3,3,3,5,3,"UPI (Google Pay, PhonePe, Paytm QR)",5,4,3,5,1,5,PRIMARY_RESEARCH_SURVEY
RESP-2026-0126,Avani Kashyap,2026-09-04T12:54:43.238Z,Madhya Pradesh,Gwalior,Rest of MP,35 – 49 years,Female,Business Owner / Self-Employed,"Rs. 60,001 to Rs. 1,00,000",3 to 4 times a month,Rarely (Less than once a month),"Rs. 500 to Rs. 1,500",Online,2,3,4,3,4,4,3,3,4,"UPI (Google Pay, PhonePe, Paytm QR)",4,2,3,3,3,4,PRIMARY_RESEARCH_SURVEY
RESP-2026-0127,Chetan Garg,2026-09-05T12:52:39.784Z,Madhya Pradesh,Jabalpur,Rest of MP,35 – 49 years,Male,Homemaker / Other,"Above Rs. 1,00,000",1 to 2 times a month,3 to 4 times a month,"Rs. 1,501 to Rs. 3,000",Offline,5,4,5,4,3,3,3,4,2,"UPI (Google Pay, PhonePe, Paytm QR)",5,3,3,5,1,5,PRIMARY_RESEARCH_SURVEY
RESP-2026-0128,Dhruv Mittal,2026-09-06T12:50:36.329Z,Madhya Pradesh,Bhopal,Rest of MP,50 years and above,Female,Student,"Below Rs. 30,000",Rarely (Less than once a month),Very frequently (5+ times a month),"Rs. 500 to Rs. 1,500",Offline,4,5,2,5,2,2,2,5,3,Cash on Delivery (COD) / Physical Cash,2,4,2,4,1,4,PRIMARY_RESEARCH_SURVEY
RESP-2026-0129,Disha Somani,2026-09-07T12:48:32.874Z,Madhya Pradesh,Ujjain,Rest of MP,18 – 24 years (Student / Young Starter),Male,Salaried Professional / Corporate Employee,"Rs. 30,000 to Rs. 60,000",Very frequently (5+ times a month),1 to 2 times a month,"Rs. 1,501 to Rs. 3,000",Online,3,3,3,3,5,4,3,3,5,Buy Now Pay Later (BNPL),5,5,3,4,3,5,PRIMARY_RESEARCH_SURVEY
RESP-2026-0130,Divya Mahajan,2026-09-08T12:46:29.420Z,Madhya Pradesh,Gwalior,Rest of MP,25 – 34 years (Working Professional / Early Career),Female,Business Owner / Self-Employed,"Rs. 60,001 to Rs. 1,00,000",Rarely (Less than once a month),3 to 4 times a month,"Rs. 500 to Rs. 1,500",Offline,4,4,4,4,2,2,2,4,2,"UPI (Google Pay, PhonePe, Paytm QR)",4,3,2,4,1,4,PRIMARY_RESEARCH_SURVEY
RESP-2026-0131,Gayatri Maheshwari,2026-09-09T12:44:25.965Z,Madhya Pradesh,Jabalpur,Rest of MP,35 – 49 years,Male,Homemaker / Other,"Above Rs. 1,00,000",1 to 2 times a month,Very frequently (5+ times a month),"Rs. 1,501 to Rs. 3,000",Offline,5,5,5,5,3,3,3,5,3,"UPI (Google Pay, PhonePe, Paytm QR)",5,4,3,5,1,5,PRIMARY_RESEARCH_SURVEY
RESP-2026-0132,Harshita Porwal,2026-09-10T12:42:22.510Z,Madhya Pradesh,Bhopal,Rest of MP,35 – 49 years,Female,Student,"Below Rs. 30,000",3 to 4 times a month,Rarely (Less than once a month),"Above Rs. 3,000",Online,2,3,2,3,4,4,3,3,4,"UPI (Google Pay, PhonePe, Paytm QR)",4,2,3,3,3,4,PRIMARY_RESEARCH_SURVEY
RESP-2026-0133,Hemant Bairagi,2026-09-11T12:40:19.056Z,Madhya Pradesh,Ujjain,Rest of MP,35 – 49 years,Male,Salaried Professional / Corporate Employee,"Rs. 30,000 to Rs. 60,000",1 to 2 times a month,3 to 4 times a month,"Rs. 1,501 to Rs. 3,000",Offline,5,4,3,4,3,3,3,4,2,"UPI (Google Pay, PhonePe, Paytm QR)",5,3,3,5,1,5,PRIMARY_RESEARCH_SURVEY
RESP-2026-0134,Ishaan Mandloi,2026-09-12T12:38:15.601Z,Uttar Pradesh,Lucknow,Major North India,18 – 24 years (Student / Young Starter),Female,Business Owner / Self-Employed,"Rs. 60,001 to Rs. 1,00,000",3 to 4 times a month,Rarely (Less than once a month),"Rs. 500 to Rs. 1,500",Online,2,5,4,5,4,4,5,5,4,"UPI (Google Pay, PhonePe, Paytm QR)",4,4,5,3,5,4,PRIMARY_RESEARCH_SURVEY
RESP-2026-0135,Jatin Patidar,2026-09-13T12:36:12.154Z,Punjab / Haryana / Chandigarh,Chandigarh,Major North India,25 – 34 years (Working Professional / Early Career),Male,Homemaker / Other,"Above Rs. 1,00,000",Very frequently (5+ times a month),1 to 2 times a month,"Rs. 1,501 to Rs. 3,000",Online,3,3,5,3,5,4,3,3,5,"UPI (Google Pay, PhonePe, Paytm QR)",5,2,3,4,3,5,PRIMARY_RESEARCH_SURVEY
RESP-2026-0136,Jaya Mukati,2026-08-31T12:34:08.699Z,Delhi NCR,Delhi NCR,Major North India,25 – 34 years (Working Professional / Early Career),Female,Student,"Below Rs. 30,000",Rarely (Less than once a month),3 to 4 times a month,"Rs. 500 to Rs. 1,500",Offline,4,4,2,4,2,2,2,4,2,"UPI (Google Pay, PhonePe, Paytm QR)",4,3,2,4,1,4,PRIMARY_RESEARCH_SURVEY
RESP-2026-0137,Kiran Chouhan,2026-09-01T12:32:05.244Z,Rajasthan,Jaipur,Major North India,35 – 49 years,Male,Salaried Professional / Corporate Employee,"Rs. 30,000 to Rs. 60,000",1 to 2 times a month,Very frequently (5+ times a month),"Rs. 1,501 to Rs. 3,000",Offline,5,5,3,5,3,3,3,5,3,"UPI (Google Pay, PhonePe, Paytm QR)",5,4,3,5,1,5,PRIMARY_RESEARCH_SURVEY
RESP-2026-0138,Aman Solanki,2026-09-02T12:30:01.790Z,Uttar Pradesh,Lucknow,Major North India,35 – 49 years,Female,Business Owner / Self-Employed,"Rs. 60,001 to Rs. 1,00,000",3 to 4 times a month,Rarely (Less than once a month),"Rs. 500 to Rs. 1,500",Online,2,3,4,3,4,4,3,3,4,"UPI (Google Pay, PhonePe, Paytm QR)",4,2,3,3,3,4,PRIMARY_RESEARCH_SURVEY
RESP-2026-0139,Amrita Parmar,2026-09-03T12:27:58.336Z,Punjab / Haryana / Chandigarh,Chandigarh,Major North India,18 – 24 years (Student / Young Starter),Male,Homemaker / Other,"Above Rs. 1,00,000",Very frequently (5+ times a month),1 to 2 times a month,"Rs. 1,501 to Rs. 3,000",Online,3,4,5,4,5,4,4,4,5,"UPI (Google Pay, PhonePe, Paytm QR)",5,3,4,4,4,5,PRIMARY_RESEARCH_SURVEY
RESP-2026-0140,Anand Sisodia,2026-09-04T12:25:54.881Z,Delhi NCR,Delhi NCR,Major North India,25 – 34 years (Working Professional / Early Career),Female,Student,"Below Rs. 30,000",Rarely (Less than once a month),Very frequently (5+ times a month),"Rs. 500 to Rs. 1,500",Offline,4,5,2,5,2,2,2,5,3,"UPI (Google Pay, PhonePe, Paytm QR)",4,4,2,4,1,4,PRIMARY_RESEARCH_SURVEY
RESP-2026-0141,Anita Rathore,2026-09-05T12:23:51.427Z,Rajasthan,Jaipur,Major North India,25 – 34 years (Working Professional / Early Career),Male,Salaried Professional / Corporate Employee,"Rs. 30,000 to Rs. 60,000",Very frequently (5+ times a month),1 to 2 times a month,"Rs. 1,501 to Rs. 3,000",Online,3,3,3,3,5,4,3,3,5,"UPI (Google Pay, PhonePe, Paytm QR)",5,2,3,4,3,5,PRIMARY_RESEARCH_SURVEY
RESP-2026-0142,Anmol Mewada,2026-09-06T12:21:47.973Z,Uttar Pradesh,Lucknow,Major North India,35 – 49 years,Female,Business Owner / Self-Employed,"Rs. 60,001 to Rs. 1,00,000",Rarely (Less than once a month),3 to 4 times a month,"Rs. 500 to Rs. 1,500",Offline,4,4,4,4,2,2,2,4,2,"UPI (Google Pay, PhonePe, Paytm QR)",4,3,2,4,1,4,PRIMARY_RESEARCH_SURVEY
RESP-2026-0143,Anshu Panwar,2026-09-07T12:19:44.518Z,Punjab / Haryana / Chandigarh,Chandigarh,Major North India,35 – 49 years,Male,Homemaker / Other,"Above Rs. 1,00,000",1 to 2 times a month,Very frequently (5+ times a month),"Rs. 1,501 to Rs. 3,000",Offline,5,5,5,5,3,3,3,5,3,"UPI (Google Pay, PhonePe, Paytm QR)",5,4,3,5,1,5,PRIMARY_RESEARCH_SURVEY
RESP-2026-0144,Archana Gehlot,2026-09-08T12:17:41.063Z,Delhi NCR,Delhi NCR,Major North India,18 – 24 years (Student / Young Starter),Female,Student,"Below Rs. 30,000",3 to 4 times a month,Rarely (Less than once a month),"Above Rs. 3,000",Online,2,3,2,3,4,4,3,3,4,Buy Now Pay Later (BNPL),4,5,3,3,3,4,PRIMARY_RESEARCH_SURVEY
RESP-2026-0145,Bharat Tanwar,2026-09-09T12:15:37.609Z,Rajasthan,Jaipur,Major North India,25 – 34 years (Working Professional / Early Career),Male,Salaried Professional / Corporate Employee,"Rs. 30,000 to Rs. 60,000",1 to 2 times a month,3 to 4 times a month,"Rs. 1,501 to Rs. 3,000",Offline,5,4,3,4,3,3,3,4,2,"UPI (Google Pay, PhonePe, Paytm QR)",5,3,3,5,1,5,PRIMARY_RESEARCH_SURVEY
RESP-2026-0146,Bhupendra Baghel,2026-09-10T13:13:34.154Z,Uttar Pradesh,Lucknow,Major North India,25 – 34 years (Working Professional / Early Career),Female,Business Owner / Self-Employed,"Rs. 60,001 to Rs. 1,00,000",Rarely (Less than once a month),Very frequently (5+ times a month),"Rs. 500 to Rs. 1,500",Offline,4,5,4,5,2,2,2,5,3,"UPI (Google Pay, PhonePe, Paytm QR)",4,4,2,4,1,4,PRIMARY_RESEARCH_SURVEY
RESP-2026-0147,Chhavi Bhuria,2026-09-11T13:11:30.699Z,Punjab / Haryana / Chandigarh,Chandigarh,Major North India,35 – 49 years,Male,Homemaker / Other,"Above Rs. 1,00,000",Very frequently (5+ times a month),1 to 2 times a month,"Rs. 1,501 to Rs. 3,000",Online,3,3,5,3,5,4,3,3,5,"UPI (Google Pay, PhonePe, Paytm QR)",5,2,3,4,3,5,PRIMARY_RESEARCH_SURVEY
RESP-2026-0148,Chirag Rawat,2026-09-12T13:09:27.245Z,Delhi NCR,Delhi NCR,Major North India,35 – 49 years,Female,Student,"Below Rs. 30,000",Rarely (Less than once a month),3 to 4 times a month,"Rs. 500 to Rs. 1,500",Offline,4,4,2,4,2,2,2,4,2,"UPI (Google Pay, PhonePe, Paytm QR)",4,3,2,4,1,4,PRIMARY_RESEARCH_SURVEY
RESP-2026-0149,Damini Jamra,2026-09-13T13:07:23.790Z,Rajasthan,Jaipur,Major North India,50 years and above,Male,Salaried Professional / Corporate Employee,"Rs. 30,000 to Rs. 60,000",1 to 2 times a month,Very frequently (5+ times a month),"Rs. 1,501 to Rs. 3,000",Offline,5,5,3,5,3,3,3,5,3,"UPI (Google Pay, PhonePe, Paytm QR)",5,4,3,5,1,5,PRIMARY_RESEARCH_SURVEY
RESP-2026-0150,Darshan Dawar,2026-08-31T13:05:20.335Z,Uttar Pradesh,Lucknow,Major North India,18 – 24 years (Student / Young Starter),Female,Business Owner / Self-Employed,"Rs. 60,001 to Rs. 1,00,000",3 to 4 times a month,Rarely (Less than once a month),"Rs. 500 to Rs. 1,500",Online,2,3,4,3,4,4,3,3,4,Buy Now Pay Later (BNPL),4,5,3,3,3,4,PRIMARY_RESEARCH_SURVEY
RESP-2026-0151,Dolly Solanki,2026-09-01T13:03:16.880Z,Punjab / Haryana / Chandigarh,Chandigarh,Major North India,25 – 34 years (Working Professional / Early Career),Male,Homemaker / Other,"Above Rs. 1,00,000",1 to 2 times a month,3 to 4 times a month,"Rs. 1,501 to Rs. 3,000",Offline,5,4,5,4,3,3,3,4,2,"UPI (Google Pay, PhonePe, Paytm QR)",5,3,3,5,1,5,PRIMARY_RESEARCH_SURVEY
RESP-2026-0152,Ekta Varma,2026-09-02T13:01:13.426Z,Delhi NCR,Delhi NCR,Major North India,35 – 49 years,Female,Student,"Below Rs. 30,000",Rarely (Less than once a month),Very frequently (5+ times a month),"Rs. 500 to Rs. 1,500",Offline,4,5,2,5,2,2,2,5,3,"UPI (Google Pay, PhonePe, Paytm QR)",4,4,2,4,1,4,PRIMARY_RESEARCH_SURVEY
RESP-2026-0153,Gagan Mandloi,2026-09-03T12:59:09.971Z,Rajasthan,Jaipur,Major North India,35 – 49 years,Male,Salaried Professional / Corporate Employee,"Rs. 30,000 to Rs. 60,000",Very frequently (5+ times a month),1 to 2 times a month,"Rs. 1,501 to Rs. 3,000",Online,3,3,3,3,5,4,3,3,5,"UPI (Google Pay, PhonePe, Paytm QR)",5,2,3,4,3,5,PRIMARY_RESEARCH_SURVEY
RESP-2026-0154,Garima Dangi,2026-09-04T12:57:06.517Z,Uttar Pradesh,Lucknow,Major North India,50 years and above,Female,Business Owner / Self-Employed,"Rs. 60,001 to Rs. 1,00,000",Rarely (Less than once a month),3 to 4 times a month,"Rs. 500 to Rs. 1,500",Offline,4,4,4,4,2,2,2,4,2,Cash on Delivery (COD) / Physical Cash,2,3,2,4,1,4,PRIMARY_RESEARCH_SURVEY
RESP-2026-0155,Govind Patel,2026-09-05T12:55:03.063Z,Punjab / Haryana / Chandigarh,Chandigarh,Major North India,18 – 24 years (Student / Young Starter),Male,Homemaker / Other,"Above Rs. 1,00,000",Very frequently (5+ times a month),1 to 2 times a month,"Rs. 1,501 to Rs. 3,000",Online,3,5,5,5,5,4,5,5,5,"UPI (Google Pay, PhonePe, Paytm QR)",5,4,5,4,5,5,PRIMARY_RESEARCH_SURVEY
RESP-2026-0156,Gunjan Chouhan,2026-09-06T12:52:59.608Z,Delhi NCR,Delhi NCR,Major North India,25 – 34 years (Working Professional / Early Career),Female,Student,"Below Rs. 30,000",3 to 4 times a month,Rarely (Less than once a month),"Above Rs. 3,000",Online,2,3,2,3,4,4,3,3,4,"UPI (Google Pay, PhonePe, Paytm QR)",4,2,3,3,3,4,PRIMARY_RESEARCH_SURVEY
RESP-2026-0157,Harendra Verma,2026-09-07T12:50:56.153Z,Rajasthan,Jaipur,Major North India,35 – 49 years,Male,Salaried Professional / Corporate Employee,"Rs. 30,000 to Rs. 60,000",1 to 2 times a month,3 to 4 times a month,"Rs. 1,501 to Rs. 3,000",Offline,5,4,3,4,3,3,3,4,2,"UPI (Google Pay, PhonePe, Paytm QR)",5,3,3,5,1,5,PRIMARY_RESEARCH_SURVEY
RESP-2026-0158,Harsha Joshi,2026-09-08T12:48:52.698Z,Uttar Pradesh,Lucknow,Major North India,35 – 49 years,Female,Business Owner / Self-Employed,"Rs. 60,001 to Rs. 1,00,000",Rarely (Less than once a month),Very frequently (5+ times a month),"Rs. 500 to Rs. 1,500",Offline,4,5,4,5,2,2,2,5,3,"UPI (Google Pay, PhonePe, Paytm QR)",4,4,2,4,1,4,PRIMARY_RESEARCH_SURVEY
RESP-2026-0159,Inderjit Sharma,2026-09-09T12:46:49.244Z,Punjab / Haryana / Chandigarh,Chandigarh,Major North India,50 years and above,Male,Homemaker / Other,"Above Rs. 1,00,000",Very frequently (5+ times a month),1 to 2 times a month,"Rs. 1,501 to Rs. 3,000",Online,3,3,5,3,5,4,3,3,5,"UPI (Google Pay, PhonePe, Paytm QR)",5,2,3,4,3,5,PRIMARY_RESEARCH_SURVEY
RESP-2026-0160,Jagdish Jain,2026-09-10T12:44:45.789Z,Delhi NCR,Delhi NCR,Major North India,18 – 24 years (Student / Young Starter),Female,Student,"Below Rs. 30,000",3 to 4 times a month,Rarely (Less than once a month),"Above Rs. 3,000",Online,2,4,2,4,4,4,4,4,4,"UPI (Google Pay, PhonePe, Paytm QR)",4,3,4,3,4,4,PRIMARY_RESEARCH_SURVEY
RESP-2026-0161,Kamlesh Gupta,2026-09-11T12:42:42.335Z,Rajasthan,Jaipur,Major North India,25 – 34 years (Working Professional / Early Career),Male,Salaried Professional / Corporate Employee,"Rs. 30,000 to Rs. 60,000",1 to 2 times a month,Very frequently (5+ times a month),"Rs. 1,501 to Rs. 3,000",Offline,5,5,3,5,3,3,3,5,3,"UPI (Google Pay, PhonePe, Paytm QR)",5,4,3,5,1,5,PRIMARY_RESEARCH_SURVEY
RESP-2026-0162,Kanak Agarwal,2026-09-12T12:40:38.880Z,Uttar Pradesh,Lucknow,Major North India,35 – 49 years,Female,Business Owner / Self-Employed,"Rs. 60,001 to Rs. 1,00,000",3 to 4 times a month,Rarely (Less than once a month),"Rs. 500 to Rs. 1,500",Online,2,3,4,3,4,4,3,3,4,"UPI (Google Pay, PhonePe, Paytm QR)",4,2,3,3,3,4,PRIMARY_RESEARCH_SURVEY
RESP-2026-0163,Kuldeep Yadav,2026-09-13T12:38:35.425Z,Punjab / Haryana / Chandigarh,Chandigarh,Major North India,35 – 49 years,Male,Homemaker / Other,"Above Rs. 1,00,000",1 to 2 times a month,3 to 4 times a month,"Rs. 1,501 to Rs. 3,000",Offline,5,4,5,4,3,3,3,4,2,"UPI (Google Pay, PhonePe, Paytm QR)",5,3,3,5,1,5,PRIMARY_RESEARCH_SURVEY
RESP-2026-0164,Lalit Singh,2026-08-31T12:36:31.970Z,Delhi NCR,Delhi NCR,Major North India,50 years and above,Female,Student,"Below Rs. 30,000",Rarely (Less than once a month),Very frequently (5+ times a month),"Rs. 500 to Rs. 1,500",Offline,4,5,2,5,2,2,2,5,3,Cash on Delivery (COD) / Physical Cash,2,4,2,4,1,4,PRIMARY_RESEARCH_SURVEY
RESP-2026-0165,Madhav Dubey,2026-09-01T12:34:28.515Z,Rajasthan,Jaipur,Major North India,18 – 24 years (Student / Young Starter),Male,Salaried Professional / Corporate Employee,"Rs. 30,000 to Rs. 60,000",Very frequently (5+ times a month),1 to 2 times a month,"Rs. 1,501 to Rs. 3,000",Online,3,3,3,3,5,4,3,3,5,Buy Now Pay Later (BNPL),5,5,3,4,3,5,PRIMARY_RESEARCH_SURVEY
RESP-2026-0166,Manisha Pandey,2026-09-02T12:32:25.061Z,Uttar Pradesh,Lucknow,Major North India,25 – 34 years (Working Professional / Early Career),Female,Business Owner / Self-Employed,"Rs. 60,001 to Rs. 1,00,000",Rarely (Less than once a month),3 to 4 times a month,"Rs. 500 to Rs. 1,500",Offline,4,4,4,4,2,2,2,4,2,"UPI (Google Pay, PhonePe, Paytm QR)",4,3,2,4,1,4,PRIMARY_RESEARCH_SURVEY
RESP-2026-0167,Manoj Shukla,2026-09-03T12:30:21.607Z,Punjab / Haryana / Chandigarh,Chandigarh,Major North India,35 – 49 years,Male,Homemaker / Other,"Above Rs. 1,00,000",1 to 2 times a month,Very frequently (5+ times a month),"Rs. 1,501 to Rs. 3,000",Offline,5,5,5,5,3,3,3,5,3,"UPI (Google Pay, PhonePe, Paytm QR)",5,4,3,5,1,5,PRIMARY_RESEARCH_SURVEY
RESP-2026-0168,Meena Mishra,2026-09-04T12:28:18.152Z,Delhi NCR,Delhi NCR,Major North India,35 – 49 years,Female,Student,"Below Rs. 30,000",3 to 4 times a month,Rarely (Less than once a month),"Above Rs. 3,000",Online,2,3,2,3,4,4,3,3,4,"UPI (Google Pay, PhonePe, Paytm QR)",4,2,3,3,3,4,PRIMARY_RESEARCH_SURVEY
RESP-2026-0169,Narendra Saxena,2026-09-05T12:26:14.697Z,Rajasthan,Jaipur,Major North India,35 – 49 years,Male,Salaried Professional / Corporate Employee,"Rs. 30,000 to Rs. 60,000",1 to 2 times a month,3 to 4 times a month,"Rs. 1,501 to Rs. 3,000",Offline,5,4,3,4,3,3,3,4,2,"UPI (Google Pay, PhonePe, Paytm QR)",5,3,3,5,1,5,PRIMARY_RESEARCH_SURVEY
RESP-2026-0170,Natasha Soni,2026-09-06T12:24:11.243Z,Uttar Pradesh,Lucknow,Major North India,18 – 24 years (Student / Young Starter),Female,Business Owner / Self-Employed,"Rs. 60,001 to Rs. 1,00,000",3 to 4 times a month,Rarely (Less than once a month),"Rs. 500 to Rs. 1,500",Online,2,5,4,5,4,4,5,5,4,"UPI (Google Pay, PhonePe, Paytm QR)",4,4,5,3,5,4,PRIMARY_RESEARCH_SURVEY
RESP-2026-0171,Naveen Bhatnagar,2026-09-07T12:22:07.788Z,Punjab / Haryana / Chandigarh,Chandigarh,Major North India,25 – 34 years (Working Professional / Early Career),Male,Homemaker / Other,"Above Rs. 1,00,000",Very frequently (5+ times a month),1 to 2 times a month,"Rs. 1,501 to Rs. 3,000",Online,3,3,5,3,5,4,3,3,5,"UPI (Google Pay, PhonePe, Paytm QR)",5,2,3,4,3,5,PRIMARY_RESEARCH_SURVEY
RESP-2026-0172,Nidhi Malviya,2026-09-08T12:20:04.334Z,Delhi NCR,Delhi NCR,Major North India,25 – 34 years (Working Professional / Early Career),Female,Student,"Below Rs. 30,000",Rarely (Less than once a month),3 to 4 times a month,"Rs. 500 to Rs. 1,500",Offline,4,4,2,4,2,2,2,4,2,"UPI (Google Pay, PhonePe, Paytm QR)",4,3,2,4,1,4,PRIMARY_RESEARCH_SURVEY
RESP-2026-0173,Omkar Rathore,2026-09-09T12:18:00.879Z,Rajasthan,Jaipur,Major North India,35 – 49 years,Male,Salaried Professional / Corporate Employee,"Rs. 30,000 to Rs. 60,000",1 to 2 times a month,Very frequently (5+ times a month),"Rs. 1,501 to Rs. 3,000",Offline,5,5,3,5,3,3,3,5,3,"UPI (Google Pay, PhonePe, Paytm QR)",5,4,3,5,1,5,PRIMARY_RESEARCH_SURVEY
RESP-2026-0174,Payal Rajput,2026-09-10T12:15:57.426Z,Uttar Pradesh,Lucknow,Major North India,35 – 49 years,Female,Business Owner / Self-Employed,"Rs. 60,001 to Rs. 1,00,000",3 to 4 times a month,Rarely (Less than once a month),"Rs. 500 to Rs. 1,500",Online,2,3,4,3,4,4,3,3,4,"UPI (Google Pay, PhonePe, Paytm QR)",4,2,3,3,3,4,PRIMARY_RESEARCH_SURVEY
RESP-2026-0175,Pawan Solanki,2026-09-11T13:13:53.973Z,Punjab / Haryana / Chandigarh,Chandigarh,Major North India,18 – 24 years (Student / Young Starter),Male,Homemaker / Other,"Above Rs. 1,00,000",Very frequently (5+ times a month),1 to 2 times a month,"Rs. 1,501 to Rs. 3,000",Online,3,4,5,4,5,4,4,4,5,"UPI (Google Pay, PhonePe, Paytm QR)",5,3,4,4,4,5,PRIMARY_RESEARCH_SURVEY
RESP-2026-0176,Poonam Goyal,2026-09-12T13:11:50.519Z,Delhi NCR,Delhi NCR,Major North India,25 – 34 years (Working Professional / Early Career),Female,Student,"Below Rs. 30,000",Rarely (Less than once a month),Very frequently (5+ times a month),"Rs. 500 to Rs. 1,500",Offline,4,5,2,5,2,2,2,5,3,"UPI (Google Pay, PhonePe, Paytm QR)",4,4,2,4,1,4,PRIMARY_RESEARCH_SURVEY
RESP-2026-0177,Radhika Bansal,2026-09-13T13:09:47.065Z,Maharashtra,Mumbai,Other States,25 – 34 years (Working Professional / Early Career),Male,Salaried Professional / Corporate Employee,"Rs. 30,000 to Rs. 60,000",Very frequently (5+ times a month),1 to 2 times a month,"Rs. 1,501 to Rs. 3,000",Online,3,3,3,3,5,4,3,3,5,"UPI (Google Pay, PhonePe, Paytm QR)",5,2,3,4,3,5,PRIMARY_RESEARCH_SURVEY
RESP-2026-0178,Rajendra Mehta,2026-08-31T13:07:43.611Z,Other South / East Indian State,Bengaluru,Other States,35 – 49 years,Female,Business Owner / Self-Employed,"Rs. 60,001 to Rs. 1,00,000",Rarely (Less than once a month),3 to 4 times a month,"Rs. 500 to Rs. 1,500",Offline,4,4,4,4,2,2,2,4,2,"UPI (Google Pay, PhonePe, Paytm QR)",4,3,2,4,1,4,PRIMARY_RESEARCH_SURVEY
RESP-2026-0179,Reena Shah,2026-09-01T13:05:40.157Z,Maharashtra,Mumbai,Other States,35 – 49 years,Male,Homemaker / Other,"Above Rs. 1,00,000",1 to 2 times a month,Very frequently (5+ times a month),"Rs. 1,501 to Rs. 3,000",Offline,5,5,5,5,3,3,3,5,3,"UPI (Google Pay, PhonePe, Paytm QR)",5,4,3,5,1,5,PRIMARY_RESEARCH_SURVEY
RESP-2026-0180,Ritu Khatri,2026-09-02T13:03:36.702Z,Other South / East Indian State,Bengaluru,Other States,18 – 24 years (Student / Young Starter),Female,Student,"Below Rs. 30,000",3 to 4 times a month,Rarely (Less than once a month),"Above Rs. 3,000",Online,2,3,2,3,4,4,3,3,4,Buy Now Pay Later (BNPL),4,5,3,3,3,4,PRIMARY_RESEARCH_SURVEY
RESP-2026-0181,Rupesh Srivastava,2026-09-03T13:01:33.248Z,Maharashtra,Mumbai,Other States,25 – 34 years (Working Professional / Early Career),Male,Salaried Professional / Corporate Employee,"Rs. 30,000 to Rs. 60,000",1 to 2 times a month,3 to 4 times a month,"Rs. 1,501 to Rs. 3,000",Offline,5,4,3,4,3,3,3,4,2,"UPI (Google Pay, PhonePe, Paytm QR)",5,3,3,5,1,5,PRIMARY_RESEARCH_SURVEY
RESP-2026-0182,Sandhya Tripathi,2026-09-04T12:59:29.793Z,Other South / East Indian State,Bengaluru,Other States,25 – 34 years (Working Professional / Early Career),Female,Business Owner / Self-Employed,"Rs. 60,001 to Rs. 1,00,000",Rarely (Less than once a month),Very frequently (5+ times a month),"Rs. 500 to Rs. 1,500",Offline,4,5,4,5,2,2,2,5,3,"UPI (Google Pay, PhonePe, Paytm QR)",4,4,2,4,1,4,PRIMARY_RESEARCH_SURVEY
RESP-2026-0183,Seema Chaturvedi,2026-09-05T12:57:26.345Z,Maharashtra,Mumbai,Other States,35 – 49 years,Male,Homemaker / Other,"Above Rs. 1,00,000",Very frequently (5+ times a month),1 to 2 times a month,"Rs. 1,501 to Rs. 3,000",Online,3,3,5,3,5,4,3,3,5,"UPI (Google Pay, PhonePe, Paytm QR)",5,2,3,4,3,5,PRIMARY_RESEARCH_SURVEY
RESP-2026-0184,Shailendra Ojha,2026-09-06T12:55:22.891Z,Other South / East Indian State,Bengaluru,Other States,35 – 49 years,Female,Student,"Below Rs. 30,000",Rarely (Less than once a month),3 to 4 times a month,"Rs. 500 to Rs. 1,500",Offline,4,4,2,4,2,2,2,4,2,"UPI (Google Pay, PhonePe, Paytm QR)",4,3,2,4,1,4,PRIMARY_RESEARCH_SURVEY
RESP-2026-0185,Sheetu Pathak,2026-09-07T12:53:19.436Z,Maharashtra,Mumbai,Other States,50 years and above,Male,Salaried Professional / Corporate Employee,"Rs. 30,000 to Rs. 60,000",1 to 2 times a month,Very frequently (5+ times a month),"Rs. 1,501 to Rs. 3,000",Offline,5,5,3,5,3,3,3,5,3,"UPI (Google Pay, PhonePe, Paytm QR)",5,4,3,5,1,5,PRIMARY_RESEARCH_SURVEY
RESP-2026-0186,Shrikant Dixit,2026-09-08T12:51:15.981Z,Other South / East Indian State,Bengaluru,Other States,18 – 24 years (Student / Young Starter),Female,Business Owner / Self-Employed,"Rs. 60,001 to Rs. 1,00,000",3 to 4 times a month,Rarely (Less than once a month),"Rs. 500 to Rs. 1,500",Online,2,3,4,3,4,4,3,3,4,Buy Now Pay Later (BNPL),4,5,3,3,3,4,PRIMARY_RESEARCH_SURVEY
RESP-2026-0187,Sonal Agrawal,2026-09-09T12:49:12.527Z,Maharashtra,Mumbai,Other States,25 – 34 years (Working Professional / Early Career),Male,Homemaker / Other,"Above Rs. 1,00,000",1 to 2 times a month,3 to 4 times a month,"Rs. 1,501 to Rs. 3,000",Offline,5,4,5,4,3,3,3,4,2,"UPI (Google Pay, PhonePe, Paytm QR)",5,3,3,5,1,5,PRIMARY_RESEARCH_SURVEY
RESP-2026-0188,Sonu Upadhyay,2026-09-10T12:47:09.072Z,Other South / East Indian State,Bengaluru,Other States,35 – 49 years,Female,Student,"Below Rs. 30,000",Rarely (Less than once a month),Very frequently (5+ times a month),"Rs. 500 to Rs. 1,500",Offline,4,5,2,5,2,2,2,5,3,"UPI (Google Pay, PhonePe, Paytm QR)",4,4,2,4,1,4,PRIMARY_RESEARCH_SURVEY
RESP-2026-0189,Sunita Chhabra,2026-09-11T12:45:05.618Z,Maharashtra,Mumbai,Other States,35 – 49 years,Male,Salaried Professional / Corporate Employee,"Rs. 30,000 to Rs. 60,000",Very frequently (5+ times a month),1 to 2 times a month,"Rs. 1,501 to Rs. 3,000",Online,3,3,3,3,5,4,3,3,5,"UPI (Google Pay, PhonePe, Paytm QR)",5,2,3,4,3,5,PRIMARY_RESEARCH_SURVEY
RESP-2026-0190,Suresh Bhardwaj,2026-09-12T12:43:02.163Z,Other South / East Indian State,Bengaluru,Other States,50 years and above,Female,Business Owner / Self-Employed,"Rs. 60,001 to Rs. 1,00,000",Rarely (Less than once a month),3 to 4 times a month,"Rs. 500 to Rs. 1,500",Offline,4,4,4,4,2,2,2,4,2,Cash on Delivery (COD) / Physical Cash,2,3,2,4,1,4,PRIMARY_RESEARCH_SURVEY
RESP-2026-0191,Sushila Rawat,2026-09-13T12:40:58.708Z,Maharashtra,Mumbai,Other States,18 – 24 years (Student / Young Starter),Male,Homemaker / Other,"Above Rs. 1,00,000",Very frequently (5+ times a month),1 to 2 times a month,"Rs. 1,501 to Rs. 3,000",Online,3,5,5,5,5,4,5,5,5,"UPI (Google Pay, PhonePe, Paytm QR)",5,4,5,4,5,5,PRIMARY_RESEARCH_SURVEY
RESP-2026-0192,Tejendra Tomar,2026-08-31T12:38:55.254Z,Other South / East Indian State,Bengaluru,Other States,25 – 34 years (Working Professional / Early Career),Female,Student,"Below Rs. 30,000",3 to 4 times a month,Rarely (Less than once a month),"Above Rs. 3,000",Online,2,3,2,3,4,4,3,3,4,"UPI (Google Pay, PhonePe, Paytm QR)",4,2,3,3,3,4,PRIMARY_RESEARCH_SURVEY
RESP-2026-0193,Uma Chauhan,2026-09-01T12:36:51.800Z,Maharashtra,Mumbai,Other States,35 – 49 years,Male,Salaried Professional / Corporate Employee,"Rs. 30,000 to Rs. 60,000",1 to 2 times a month,3 to 4 times a month,"Rs. 1,501 to Rs. 3,000",Offline,5,4,3,4,3,3,3,4,2,"UPI (Google Pay, PhonePe, Paytm QR)",5,3,3,5,1,5,PRIMARY_RESEARCH_SURVEY
RESP-2026-0194,Vandana Kulkarni,2026-09-02T12:34:48.345Z,Other South / East Indian State,Bengaluru,Other States,35 – 49 years,Female,Business Owner / Self-Employed,"Rs. 60,001 to Rs. 1,00,000",Rarely (Less than once a month),Very frequently (5+ times a month),"Rs. 500 to Rs. 1,500",Offline,4,5,4,5,2,2,2,5,3,"UPI (Google Pay, PhonePe, Paytm QR)",4,4,2,4,1,4,PRIMARY_RESEARCH_SURVEY
RESP-2026-0195,Vijay Deshmukh,2026-09-03T12:32:44.890Z,Maharashtra,Mumbai,Other States,50 years and above,Male,Homemaker / Other,"Above Rs. 1,00,000",Very frequently (5+ times a month),1 to 2 times a month,"Rs. 1,501 to Rs. 3,000",Online,3,3,5,3,5,4,3,3,5,"UPI (Google Pay, PhonePe, Paytm QR)",5,2,3,4,3,5,PRIMARY_RESEARCH_SURVEY
RESP-2026-0196,Vikas Kapoor,2026-09-04T12:30:41.436Z,Other South / East Indian State,Bengaluru,Other States,18 – 24 years (Student / Young Starter),Female,Student,"Below Rs. 30,000",3 to 4 times a month,Rarely (Less than once a month),"Above Rs. 3,000",Online,2,4,2,4,4,4,4,4,4,"UPI (Google Pay, PhonePe, Paytm QR)",4,3,4,3,4,4,PRIMARY_RESEARCH_SURVEY
RESP-2026-0197,Vinod Arora,2026-09-05T12:28:37.981Z,Maharashtra,Mumbai,Other States,25 – 34 years (Working Professional / Early Career),Male,Salaried Professional / Corporate Employee,"Rs. 30,000 to Rs. 60,000",1 to 2 times a month,Very frequently (5+ times a month),"Rs. 1,501 to Rs. 3,000",Offline,5,5,3,5,3,3,3,5,3,"UPI (Google Pay, PhonePe, Paytm QR)",5,4,3,5,1,5,PRIMARY_RESEARCH_SURVEY
RESP-2026-0198,Vishal Khanna,2026-09-06T12:26:34.526Z,Other South / East Indian State,Bengaluru,Other States,35 – 49 years,Female,Business Owner / Self-Employed,"Rs. 60,001 to Rs. 1,00,000",3 to 4 times a month,Rarely (Less than once a month),"Rs. 500 to Rs. 1,500",Online,2,3,4,3,4,4,3,3,4,"UPI (Google Pay, PhonePe, Paytm QR)",4,2,3,3,3,4,PRIMARY_RESEARCH_SURVEY
RESP-2026-0199,Yashoda Bhatia,2026-09-07T12:24:31.072Z,Maharashtra,Mumbai,Other States,35 – 49 years,Male,Homemaker / Other,"Above Rs. 1,00,000",1 to 2 times a month,3 to 4 times a month,"Rs. 1,501 to Rs. 3,000",Offline,5,4,5,4,3,3,3,4,2,"UPI (Google Pay, PhonePe, Paytm QR)",5,3,3,5,1,5,PRIMARY_RESEARCH_SURVEY
RESP-2026-0200,Brijesh Malhotra,2026-09-08T12:22:27.617Z,Other South / East Indian State,Bengaluru,Other States,50 years and above,Female,Student,"Below Rs. 30,000",Rarely (Less than once a month),Very frequently (5+ times a month),"Rs. 500 to Rs. 1,500",Offline,4,5,2,5,2,2,2,5,3,Cash on Delivery (COD) / Physical Cash,2,4,2,4,1,4,PRIMARY_RESEARCH_SURVEY
RESP-2026-0201,Chandani Kashyap,2026-09-09T12:20:24.162Z,Maharashtra,Mumbai,Other States,18 – 24 years (Student / Young Starter),Male,Salaried Professional / Corporate Employee,"Rs. 30,000 to Rs. 60,000",Very frequently (5+ times a month),1 to 2 times a month,"Rs. 1,501 to Rs. 3,000",Online,3,3,3,3,5,4,3,3,5,Buy Now Pay Later (BNPL),5,5,3,4,3,5,PRIMARY_RESEARCH_SURVEY
RESP-2026-0202,Dhananjay Garg,2026-09-10T12:18:20.707Z,Other South / East Indian State,Bengaluru,Other States,25 – 34 years (Working Professional / Early Career),Female,Business Owner / Self-Employed,"Rs. 60,001 to Rs. 1,00,000",Rarely (Less than once a month),3 to 4 times a month,"Rs. 500 to Rs. 1,500",Offline,4,4,4,4,2,2,2,4,2,"UPI (Google Pay, PhonePe, Paytm QR)",4,3,2,4,1,4,PRIMARY_RESEARCH_SURVEY
RESP-2026-0203,Gita Mittal,2026-09-11T12:16:17.252Z,Maharashtra,Mumbai,Other States,35 – 49 years,Male,Homemaker / Other,"Above Rs. 1,00,000",1 to 2 times a month,Very frequently (5+ times a month),"Rs. 1,501 to Rs. 3,000",Offline,5,5,5,5,3,3,3,5,3,"UPI (Google Pay, PhonePe, Paytm QR)",5,4,3,5,1,5,PRIMARY_RESEARCH_SURVEY
RESP-2026-0204,Kailash Somani,2026-09-12T12:14:13.798Z,Other South / East Indian State,Bengaluru,Other States,35 – 49 years,Female,Student,"Below Rs. 30,000",3 to 4 times a month,Rarely (Less than once a month),"Above Rs. 3,000",Online,2,3,2,3,4,4,3,3,4,"UPI (Google Pay, PhonePe, Paytm QR)",4,2,3,3,3,4,PRIMARY_RESEARCH_SURVEY
RESP-2026-0205,Lata Mahajan,2026-09-13T13:12:10.344Z,Maharashtra,Mumbai,Other States,35 – 49 years,Male,Salaried Professional / Corporate Employee,"Rs. 30,000 to Rs. 60,000",1 to 2 times a month,3 to 4 times a month,"Rs. 1,501 to Rs. 3,000",Offline,5,4,3,4,3,3,3,4,2,"UPI (Google Pay, PhonePe, Paytm QR)",5,3,3,5,1,5,PRIMARY_RESEARCH_SURVEY
RESP-2026-0206,Man Machya,2026-09-13T13:14:49.573Z,Madhya Pradesh,Indore (Vijay Nagar),Indore Hub,25 – 34 years (Working Professional / Early Career),Female,Salaried Professional / Corporate Employee,"Rs. 60,001 to Rs. 1,00,000",3 to 4 times a month,1 to 2 times a month,"Rs. 1,501 to Rs. 3,000",Online,4,4,3,2,5,4,4,5,4,"UPI (Google Pay, PhonePe, Paytm QR)",5,4,4,4,3,5,LIVE_RESEARCH_PARTICIPANT
RESP-2026-0207,Kavita Sharma (Live Test),2026-09-20T07:11:45.385Z,Madhya Pradesh,Indore (Palasia),Indore Hub,25 - 34 years (Working Professional / Early Career),Female,Salaried Professional / Corporate Employee,"Rs. 60,001 to Rs. 1,00,000",3 to 4 times a month,1 to 2 times a month,"Rs. 1,501 to Rs. 3,000",Online,4,5,4,3,5,4,4,5,4,"UPI (Google Pay, PhonePe, Paytm QR)",5,4,3,4,2,5,LIVE_RESEARCH_PARTICIPANT
RESP-2026-0208,Rohit Verma (Vercel Live Participant),2026-09-20T07:12:40.207Z,Madhya Pradesh,Indore (Vijay Nagar),Indore Hub,18 - 24 years (Student / Young Starter),Male,Student,"Below Rs. 30,000",5+ times a month,1 to 2 times a month,"Rs. 500 to Rs. 1,500",Online,3,4,3,2,5,5,5,5,5,"UPI (Google Pay, PhonePe, Paytm QR)",5,5,4,3,3,5,LIVE_RESEARCH_PARTICIPANT
RESP-2026-0209,Pooja Verma (Live Verification Participant),2026-09-20T08:27:45.304Z,Madhya Pradesh,Indore (Palasia),Indore Hub,25 – 34 years (Working Professional / Early Career),Female,Salaried Professional / Corporate Employee,"Rs. 60,001 to Rs. 1,00,000",3 to 4 times a month,1 to 2 times a month,"Rs. 1,501 to Rs. 3,000",Online,4,5,4,3,5,4,4,5,4,"UPI (Google Pay, PhonePe, Paytm QR)",5,4,3,4,2,5,LIVE_RESEARCH_PARTICIPANT
RESP-2026-0210,Concurrent Test User A,2026-09-20T08:28:31.105Z,Madhya Pradesh,Bhopal,Rest of MP,18 – 24 years (Student / Young Starter),Male,Student,"Below Rs. 30,000",5+ times a month,1 to 2 times a month,"Rs. 500 to Rs. 1,500",Online,3,4,3,2,5,5,4,4,5,"UPI (Google Pay, PhonePe, Paytm QR)",5,4,3,3,2,5,LIVE_RESEARCH_PARTICIPANT
RESP-2026-0211,Concurrent Test User B,2026-09-20T08:28:31.115Z,Madhya Pradesh,Indore (Vijay Nagar),Indore Hub,18 – 24 years (Student / Young Starter),Male,Student,"Below Rs. 30,000",5+ times a month,1 to 2 times a month,"Rs. 500 to Rs. 1,500",Online,3,4,3,2,5,5,4,4,5,"UPI (Google Pay, PhonePe, Paytm QR)",5,4,3,3,2,5,LIVE_RESEARCH_PARTICIPANT
RESP-2026-0212,Concurrent Test User C,2026-09-20T08:28:31.123Z,Madhya Pradesh,Gwalior,Rest of MP,18 – 24 years (Student / Young Starter),Male,Student,"Below Rs. 30,000",5+ times a month,1 to 2 times a month,"Rs. 500 to Rs. 1,500",Online,3,4,3,2,5,5,4,4,5,"UPI (Google Pay, PhonePe, Paytm QR)",5,4,3,3,2,5,LIVE_RESEARCH_PARTICIPANT